id,title,year,price,director
tt0094859,Chief Zabu,2016,10.88,Neil Cohen
tt0096056,Crime and Punishment,2002,16.25,Menahem Golan
tt0100275,The Wandering Soap Opera,2017,23.62,Raoul Ruiz
tt0112502,Bigfoot,2017,24.34,Mc Jones
tt0112912,Dune 7,2002,5.82,Feri Hefti
tt0113506,Justifiable Homicide,2002,11.08,Jon Osman
tt0114447,The Silent Force,2001,12.95,David H. May
tt0114722,3 noches,2001,6.52,Fernando Venturini
tt0115686,Biriken,2008,8.76,Junji Sakamoto
tt0116617,Impotent,2001,19.23,Anatoly Eyramdzhan
tt0117743,Still Waters Burn,2008,24.87,Halfdan Hussey
tt0118141,What Is It?,2005,21.68,Crispin Glover
tt0118154,White Hotel,2001,8.77,Dianne Griffin
tt0118652,The Attic Expeditions,2001,13.82,Jeremy Kasten
tt0120225,Strawberry Estates,2001,17.77,Ron Bonk
tt0120607,Between the Sheets,2003,22.40,Michael DeLuise
tt0120624,Camarate,2001,13.71,LuÃƒÂ­s Filipe Rocha
tt0120667,Fantastic Four,2005,16.33,Tim Story
tt0120679,Frida,2002,15.51,Julie Taymor
tt0120681,From Hell,2001,23.59,Allen Hughes
tt0121569,Moonlight Blade,2009,6.39,Arthur J. Mangano
tt0122247,Serial Killing 4 Dummys,2004,16.20,Trace Slobotkin
tt0123581,Burning Down the House,2001,16.81,Philippe Mora
tt0124889,Sticks,2001,10.47,Brett Mayer
tt0125022,Heartbreakers,2001,16.92,David Mirkin
tt0126029,Shrek,2001,8.17,Andrew Adamson
tt0126899,Eyes Are Upon You,2001,5.09,David A. Goldberg
tt0128216,Flophouse,2002,15.96,Chris Claridge
tt0131597,Split,2004,19.52,Chaim Bianco
tt0133152,Planet of the Apes,2001,24.74,Tim Burton
tt0133957,Mata Hari,2016,20.13,David Carradine
tt0135986,Mort,2005,21.42,Kyle B. Thompson
tt0135991,Dominator,2003,21.71,Tony Luke
tt0136517,Seven Days of Grace,2006,19.28,Don E. FauntLeRoy
tt0137204,Joe Finds Grace,2017,6.27,Anthony Harrison
tt0138524,Intolerable Cruelty,2003,8.53,Ethan Coen
tt0139479,Tangoed Lives,2002,18.81,James Beirne
tt0140806,American Reel,2003,23.49,Mark Archer
tt0144280,Whispers from a Shallow Grave,2006,16.03,Ted Newsom
tt0145487,Spider-Man,2002,24.66,Sam Raimi
tt0145937,Naqoyqatsi,2002,10.21,Godfrey Reggio
tt0146316,Lara Croft: Tomb Raider,2001,12.05,Simon West
tt0152772,Swing Set,2002,24.64,Stephen Wolfe
tt0153516,Venus Delights,2003,22.05,Joe Baily
tt0156741,Apartment 12,2001,11.34,Dan Bootzin
tt0156859,The Secret Pact,2001,5.53,Rodney Gibbons
tt0157007,After Image,2001,8.66,Robert Manganelli
tt0157191,One Last Dance,2003,21.68,Lisa Niemi
tt0159273,Behind Enemy Lines,2001,17.44,John Moore
tt0159503,Kalotaszeg nagyasszonya,2001,17.14,JÃƒÂ³zsef RÃƒÂ¡k
tt0160184,Eye See You,2002,8.37,Jim Gillespie
tt0160239,Duty Dating,2002,5.44,Cherry Norris
tt0160240,Easter,2002,17.10,Richard Caliban
tt0160261,False River,2005,24.19,Rex Hauck
tt0160275,Final Solution,2001,24.65,Cristobal Krusen
tt0160370,The Homeboy,2001,5.69,David Gebroe
tt0160398,Imelda,2003,9.50,Ramona S. Diaz
tt0160399,Impostor,2001,5.44,Gary Fleder
tt0160480,Long Lost Love,2001,13.69,Yuri Biersach
tt0160706,The Prodigy,2005,7.11,William Kaufman
tt0160870,Silent Screamplay,2003,9.50,Denise Riley
tt0160905,Spooky House,2002,21.18,William Sachs
tt0161088,White Boy,2002,12.40,John Marino
tt0161102,Working Stiff,2001,13.45,Gregory Joyce
tt0161860,Nowhere in Africa,2001,5.06,Caroline Link
tt0162346,Ghost World,2001,19.94,Terry Zwigoff
tt0163764,Net Worth,2001,19.52,Kenny Griswold
tt0164003,City of Ghosts,2002,12.78,Matt Dillon
tt0164810,Pipe Dream,2002,20.36,John Walsh
tt0164961,Vidocq,2001,18.43,Pitof
tt0165361,Highway,2002,6.08,James Cox
tt0166158,Daddy and Them,2001,10.09,Billy Bob Thornton
tt0166186,Still Life,2001,7.23,Mike Flanagan
tt0166276,Monkeybone,2001,20.86,Henry Selick
tt0166709,Posthumous Memories,2001,17.60,AndrÃƒÂ© Klotzel
tt0166871,ViÃƒÂºva Rica Solteira NÃƒÂ£o Fica,2006,20.45,JosÃƒÂ© Fonseca e Costa
tt0166924,Mulholland Dr.,2001,24.46,David Lynch
tt0167360,Race to Space,2001,15.93,Sean McNamara
tt0167456,Thunderbirds,2004,21.27,Jonathan Frakes
tt0169579,Baggage,2003,13.55,Evan Aaronson
tt0170508,Il resto di niente,2004,18.93,Antonietta de Lillo
tt0170517,The Life of Aleksis Kivi,2001,9.01,Jari Halonen
tt0171339,Generation Ax,2001,23.25,Tommy Faircloth
tt0172995,Play Dead,2001,24.23,Jeff Jenkins
tt0173498,Zigs,2001,6.41,Mars Callahan
tt0175203,The Stone Raft,2002,14.37,George Sluizer
tt0176694,The Tragedy of Man,2011,7.59,Marcell Jankovics
tt0176883,Kids World,2001,9.87,Dale G. Bradley
tt0177636,Geliebte Clara,2008,21.55,Helma Sanders-Brahms
tt0177882,Kebab Connection,2004,13.17,Anno Saul
tt0177885,Killer Bud,2001,16.20,Karl T. Hirsch
tt0178642,The Invisible Circus,2001,16.47,Adam Brooks
tt0179344,The Midnight Hour,2001,8.74,Emmanuel Itier
tt0179435,The Proposal,2001,9.29,Richard Gale
tt0179626,15 Minutes,2001,15.23,John Herzfeld
tt0180052,The Adventures of Pluto Nash,2002,23.27,Ron Underwood
tt0180273,Understanding Jane,2001,5.68,Caleb Lindsay
tt0181317,Bodywork,2001,13.60,Gareth Rhys Jones
tt0181430,Crossing the Rubicon,2002,5.93,Grant Olson
tt0181689,Minority Report,2002,23.86,Steven Spielberg
tt0181739,Osmosis Jones,2001,16.51,Peter Farrelly
tt0182027,The Cure for Boredom,2001,5.95,Ruben Preuss
tt0183639,The Pavilion,2004,15.24,C. Grant Mitchell
tt0183649,Phone Booth,2002,13.33,Joel Schumacher
tt0184719,Maryam,2002,15.94,Ramin Serry
tt0184791,O,2001,14.70,Tim Blake Nelson
tt0186202,Cowboy Up,2001,20.70,Xavier Koller
tt0187279,Meri Biwi Ka Jawab Nahin,2004,14.40,S.M. Iqbal
tt0187738,Blade II,2002,24.90,Guillermo del Toro
tt0188128,Very Annie Mary,2001,16.28,Sara Sugarman
tt0188378,...Or Forever Hold Your Peace,2001,21.71,Kenneth August
tt0188424,Art City 2: Simplicty,2002,14.72,Chris Maybach
tt0189541,Gabriela,2001,23.47,Vincent Jay Miller
tt0190994,Cold Blooded,2003,8.18,Randy Bradshaw
tt0191161,Light Drops,2002,5.51,Fernando Vendrell
tt0191211,Jersey Guy,2003,18.00,Elia Zois
tt0192071,Get Over It,2001,8.45,Tommy OHaver
tt0192110,Head Games,2001,23.27,Daniel Bernstein
tt0192111,Head Over Heels,2001,6.01,Mark Waters
tt0192237,Leo & Claire,2001,15.23,Joseph Vilsmaier
tt0192630,Shteps,2002,13.14,Jeff Wolfman
tt0192708,Two Boys Go Hunting,2001,15.00,Shuo-yi Chen
tt0193011,Black Ball,2003,10.58,Jimmy Bridges
tt0193364,The Order,2001,22.88,Sheldon Lettich
tt0193365,Orphan,2001,17.66,Richard Moos
tt0194143,Meet Prince Charming,2002,14.67,Brett Parker
tt0194704,Birds of Passage,2001,15.38,Neil Hollander
tt0195119,Osmosis,2003,7.88,Raphael FejtÃƒÂ¶
tt0195551,Berlin Nights,2005,8.27,Gabriela Tscherniak
tt0195565,Death-Defying Acts,2005,12.71,Edward G. Norris
tt0196068,Sam the Man,2001,13.75,Gary Winick
tt0196069,Samsara,2001,5.60,Pan Nalin
tt0196811,Olga,2004,21.75,Jayme Monjardim
tt0196927,Scardanelli,2003,6.94,Harald Bergmann
tt0197219,Una milanese a Roma,2001,24.47,Diego Febbraro
tt0197862,See Jane Run,2001,16.53,Sarah Thorp
tt0197918,Strange Cargo,2001,24.23,Sean Plemmons
tt0197922,Stripper Wives,2005,6.58,Toby Philips
tt0197929,The Surprise Party,2001,15.21,Garrett Rice
tt0197996,Vampires Anonymous,2003,11.31,Michael Keller
tt0198013,29 and Holding,2004,5.91,Sean Hanish
tt0198748,Mergers & Acquisitions,2001,10.61,Mitchell Bard
tt0198903,Perfect Fit,2001,10.32,Donald P. Borchers
tt0199733,Ken tulta pyytÃƒÂ¤ÃƒÂ¤,2001,14.76,Sakari Kirjavainen
tt0199898,Old Master Q 2001,2001,17.85,Herman Yau
tt0200027,Riding in Cars with Boys,2001,19.96,Penny Marshall
tt0200465,The Bank Job,2008,21.25,Roger Donaldson
tt0200525,The Chameleon,2001,21.35,Phil Wurtzel
tt0201479,Beyond the City Limits,2001,18.04,Gigi Gaston
tt0201485,The Body,2001,21.12,Jonas McCord
tt0201694,Longshot,2001,6.47,Lionel C. Martin
tt0201934,Sister Blue,2003,24.02,Doug Greenall
tt0202457,A Glimpse of Yesterday,2002,15.67,Renzo Badolisani
tt0202458,Love.com,2002,21.29,Sherwood Ball
tt0202470,Rock Movie,2001,14.43,Stephen Herek
tt0203009,Moulin Rouge!,2001,23.28,Baz Luhrmann
tt0203078,Rocky Road,2001,8.14,Geoff Cunningham
tt0204250,Death of a Saleswoman,2006,5.83,Donna Wheeler
tt0204313,Exorcist: The Beginning,2004,19.76,Renny Harlin
tt0204322,Firecracker,2005,16.30,Steve Balderson
tt0204352,Greasewood Flat,2003,17.20,Susan K. Brigham
tt0204382,Home Sweet Hoboken,2001,12.12,Yoshifumi Hosoya
tt0204700,Trouble Every Day,2001,24.01,Claire Denis
tt0205498,Venus and Mars,2001,18.66,Harry Mastrogeorge
tt0205738,AmnesiA,2001,16.28,Martin Koolhoven
tt0206098,Alma Mater,2002,20.41,Hans Canosa
tt0206866,King of Thieves,2004,8.23,Ivan FÃƒÂ­la
tt0206963,My First Mister,2001,14.92,Christine Lahti
tt0207002,Paradise Grove,2003,24.90,Charles Harris
tt0207051,The Journey to Kafiristan,2001,14.76,Donatello Dubini
tt0207180,Man of Corleone,2001,14.10,Duilio Coletti
tt0207635,Ocean Park,2002,21.21,David W. Warfield
tt0208491,Ginostra,2002,18.74,Manuel Pradal
tt0208899,Diary of a City Priest,2001,5.06,Eugene Martin
tt0209005,GrenzgÃƒÂ¤nger,2001,24.09,Pavel Schnabel
tt0209020,Dying on the Edge,2001,20.27,William R. Greenblatt
tt0209077,Ken Park,2002,24.07,Larry Clark
tt0209109,Fourplay,2001,14.56,Mike Binder
tt0209941,The Good Bastard,2001,15.60,Augusto Tamayo San RomÃƒÂ¡n
tt0210362,Tomorrow by Midnight,2001,9.31,Rolfe Kanefsky
tt0212360,Moving August,2002,14.73,Christopher Fink
tt0212380,Blow Dry,2001,20.72,Paddy Breathnach
tt0212712,2046,2004,14.43,Kar-Wai Wong
tt0212720,A.I. Artificial Intelligence,2001,24.97,Steven Spielberg
tt0212827,Bride of the Wind,2001,16.58,Bruce Beresford
tt0212867,Soulkeeper,2001,22.96,Darin Ferriola
tt0212910,Delivering Milo,2001,20.09,Nick Castle
tt0212985,Hannibal,2001,6.54,Ridley Scott
tt0213053,Lava,2001,7.46,Joe Tucker
tt0213113,The Resurrection Game,2001,12.67,Mike Watt
tt0213149,Pearl Harbor,2001,15.95,Michael Bay
tt0213802,Legion of the Dead,2001,16.77,Olaf Ittenbach
tt0213985,Partition,2007,11.00,Vic Sarin
tt0214265,Vajont - La diga del disonore,2001,19.66,Renzo Martinelli
tt0214275,Venus on the Halfshell,2005,20.32,Niels Nielsen
tt0214289,Would I Lie to You? 2,2001,17.63,Thomas Gilou
tt0214503,Automatic,2001,22.17,William Jamaal Fort
tt0214520,Ties and Ropes,2001,12.98,Herman Van Eyken
tt0214723,The Penny Promise,2001,13.38,T.C. Christensen
tt0215244,Terror in the Darkness,2003,22.98,Yolanda Darnell
tt0216290,To Protect and Serve,2001,9.75,Joseph Perez
tt0216731,Edgeplay,2004,14.80,Victory Tischler-Blue
tt0216982,Prison Song,2001,19.77,Darnell Martin
tt0216994,Random Acts,2001,9.44,Angela Garcia Combs
tt0217031,Second to Die,2002,22.87,Brad Marlowe
tt0217084,Exam,2003,21.04,Titus Muntean
tt0217085,Te quiero,2001,11.60,Manuel Poirier
tt0217100,Toutes les nuits,2001,9.87,EugÃƒÂ¨ne Green
tt0217135,Vortex,2001,9.53,Michael Pohl
tt0217716,Pata negra,2001,13.08,Luis Oliveros
tt0218107,Circuit,2001,11.78,Dirk Shafer
tt0218126,Critical Mass,2001,14.66,Fred Olen Ray
tt0218140,Death and Taxis,2007,12.96,Kevin Mukherji
tt0218252,La flaca Alejandra,2016,15.80,Carmen Castillo
tt0218323,Hard Luck,2001,15.15,Jack Rubio
tt0218390,The Last Place on Earth,2002,23.36,James Slocum
tt0218400,Life Sentence,2004,6.33,Andy Graydon
tt0218411,The Long Run,2001,16.57,Jean Stewart
tt0218516,Planet Alex,2001,18.85,Uli M. SchÃƒÂ¼ppel
tt0219143,Love Conquers Paul,2002,19.55,Harris Goldberg
tt0219171,Ripley Under Ground,2005,16.20,Roger Spottiswoode
tt0219179,Mint Condition,2001,17.36,Ashby Richardson
tt0219272,Redemption of the Ghost,2002,13.20,Richard Friedman
tt0219327,Strictly Sinatra,2001,8.92,Peter Capaldi
tt0219336,Scandal: 15 Minutes of Fame,2001,19.98,Jill Hayworth
tt0219369,Un ange,2001,8.17,Miguel Courtois
tt0219374,Unconditional Love,2002,15.89,P.J. Hogan
tt0219876,P.O.V. - Point of View,2001,9.95,TÃƒÂ³mas Gislason
tt0220005,Reunion,2001,17.06,Mark Poggi
tt0220122,Two Degrees,2001,10.46,Tony Spires
tt0220357,Charming Fellow,2001,16.13,Patrick Chesnais
tt0220371,Duplicity,2004,24.25,Jack Cornish
tt0220580,Intacto,2001,7.86,Juan Carlos Fresnadillo
tt0220605,The Krone Experiment,2005,21.58,J. Robinson Wheeler
tt0220607,Last Seen,2002,19.29,Eva Ilona Brzeski
tt0220623,Executive Protection,2001,6.73,Anders Nilsson
tt0220792,Superbob,2002,10.77,Joel Gordon
tt0220827,Sleepless,2001,8.65,Dario Argento
tt0220864,Perfect Lover,2001,5.97,Gabriela Tagliavini
tt0221027,Blow,2001,18.88,Ted Demme
tt0221074,Christmas in the Clouds,2001,11.50,Kate Montgomery
tt0221218,The Glass House,2001,15.88,Daniel Sackheim
tt0221297,Frozen with Fear,2001,19.87,Paul Lynch
tt0222024,Hum Tumhare Hain Sanam,2002,6.70,K.S. Adiyaman
tt0222790,Raspberry & Lavender,2004,8.89,Johnny Kim
tt0222812,Beyond Re-Animator,2003,19.38,Brian Yuzna
tt0224025,Wild Roomies,2004,5.21,Oliver Robins
tt0225064,Un amor en MoisÃƒÂ©s Ville,2001,22.91,Daniel Barone
tt0225071,Angel Eyes,2001,13.93,Luis Mandoki
tt0225828,G.O.D.,2001,15.93,Dean Rusu
tt0225865,Glory Glory,2002,12.83,Paul Matthews
tt0227445,The Score,2001,11.37,Frank Oz
tt0227538,Spy Kids,2001,13.36,Robert Rodriguez
tt0228192,Jarrett,2001,7.69,John Martin
tt0228333,Ghosts of Mars,2001,13.36,John Carpenter
tt0228761,Fish Tail,2003,18.74,Nuno Leonel
tt0228766,Rending,2001,8.61,Raquel Freire
tt0229002,Green Dragon,2001,21.85,Timothy Linh Bui
tt0229003,New Port South,2001,18.40,Kyle Cooper
tt0229021,Viva Las Nowhere,2001,21.47,Jason Bloom
tt0230512,Mayor of the Sunset Strip,2003,7.13,George Hickenlooper
tt0230600,The Others,2001,6.25,Alejandro AmenÃƒÂ¡bar
tt0230803,Songs for Cassavetes,2001,24.87,Justin Mitchell
tt0231448,Deuces Wild,2002,20.58,Scott Kalvert
tt0231775,Down to Earth,2001,23.28,Chris Weitz
tt0232015,Lying in Wait,2001,9.69,D. Shone Kirkpatrick
tt0232098,Battle Queen 2020,2001,13.61,Daniel DOr
tt0233142,3000 Miles to Graceland,2001,13.95,Demian Lichtenstein
tt0233841,Baran,2001,23.95,Majid Majidi
tt0233911,Ice Men,2004,12.88,Thom Best
tt0234215,The Matrix Reloaded,2003,7.57,Lana Wachowski
tt0234266,Monte Carlo,2001,14.20,Norbert ter Hall
tt0234354,Novocaine,2001,23.30,David Atkins
tt0234374,Olivetti 82,2001,8.89,Rudi Van Den Bossche
tt0235219,Till Proven Innocent,2004,9.53,Roberto Monticello
tt0235280,Cheerleader Ninjas,2002,16.01,Kevin Campbell
tt0235333,Dead in the Water,2002,6.46,Gustavo Lipsztein
tt0235412,Gaudi Afternoon,2001,19.27,Susan Seidelman
tt0235970,Alone and Restless,2004,11.96,Michael Thomas Dunn
tt0236026,Blind Heat,2001,17.01,Adolfo MartÃƒÂ­nez Solares
tt0236126,A Crack in the Floor,2001,24.14,Corbin Timbrook
tt0236157,Disco Pigs,2001,24.70,Kirsten Sheridan
tt0236172,Dr. Benny,2003,6.07,Nolan Lebovitz
tt0236461,Maangamizi: The Ancient One,2001,11.26,Martin Mhando
tt0236474,Margarita Happy Hour,2001,13.09,Ilya Chaiken
tt0236493,The Mexican,2001,6.68,Gore Verbinski
tt0236600,Green Stones,2001,9.13,ÃƒÂngel Flores Torres
tt0236640,Prozac Nation,2001,20.62,Erik SkjoldbjÃƒÂ¦rg
tt0236784,The Tailor of Panama,2001,10.68,John Boorman
tt0237152,The Deserter,2003,6.57,Eric Bruno Borgman
tt0237199,Echos of Enlightenment,2001,15.79,Dan Coplan
tt0237289,Count Axel,2001,14.24,SÃƒÂ¸ren Fauli
tt0237295,Hall of Mirrors,2001,18.81,Brad Osborne
tt0237320,Hunger,2001,6.36,Maria Giese
tt0237523,Open Mic,2001,10.38,Jason Dudek
tt0237534,Brotherhood of the Wolf,2001,7.80,Christophe Gans
tt0237572,The Pledge,2001,22.86,Sean Penn
tt0238936,Devdas,2002,5.92,Sanjay Leela Bhansali
tt0238948,Double Take,2001,16.01,George Gallo
tt0238960,Rutenberg,2003,17.30,Eli Cohen
tt0238992,Fortunes,2005,13.48,Parker Cross
tt0239004,Ghostlight,2003,10.47,Christopher Herrmann
tt0239020,De grot,2001,6.91,Martin Koolhoven
tt0239060,Ik ook van jou,2001,18.15,Ruud van Hemert
tt0239235,Anji,2004,5.03,Kodi Ramakrishna
tt0239238,April Is My Religion,2001,5.68,Bill Boll
tt0239395,Cats & Dogs,2001,8.30,Lawrence Guterman
tt0239467,The Hollywood Sign,2001,19.47,SÃƒÂ¶nke Wortmann
tt0239670,Mortal Transfer,2001,7.43,Jean-Jacques Beineix
tt0240122,Tosca,2001,13.77,BenoÃƒÂ®t Jacquot
tt0240340,The Angel Doll,2002,21.56,Alexander Johnston
tt0240389,Brooklyn Babylon,2001,21.47,Marc Levin
tt0240402,The Center of the World,2001,17.70,Wayne Wang
tt0240419,La CiÃƒÂ©naga,2001,19.06,Lucrecia Martel
tt0240462,Dr. Dolittle 2,2001,17.21,Steve Carr
tt0241663,To the Left of the Father,2001,23.89,Luiz Fernando Carvalho
tt0241760,The New Guy,2002,22.80,Ed Decter
tt0241802,Parallel Worlds,2001,17.33,Petr VÃƒÂ¡clav
tt0241897,Roads and Bridges,2001,13.24,Abraham Lim
tt0241934,Sans Elle...,2003,9.21,Anna da Palma
tt0241998,Sweetie Pie,2002,21.34,K. Asher Levin
tt0242029,Sleepwalking Land,2007,14.06,Teresa Prata
tt0242335,Bui Doi,2001,21.30,Roger Dick French
tt0242445,Exit Wounds,2001,19.31,Andrzej Bartkowiak
tt0242508,Harvard Man,2001,7.65,James Toback
tt0242527,The Hole,2001,15.33,Nick Hamm
tt0243210,On the Nose,2001,8.69,David Caffrey
tt0243211,Delusional,2003,12.45,Serge Rodnunsky
tt0243212,To Love Too Much,2002,11.21,Ernesto Rimoch
tt0243222,The Doe Boy,2001,13.68,Randy Redroad
tt0243232,Dust,2001,9.76,Milcho Manchevski
tt0243462,Mee-Shee: The Water Giant,2005,22.79,John Henderson
tt0243493,The Closet,2001,19.66,Francis Veber
tt0243508,Pursuit of Happiness,2001,24.92,John Putch
tt0243529,Le roman de Lulu,2001,20.61,Pierre-Olivier Scotto
tt0243554,When Strangers Appear,2001,23.31,Scott Reynolds
tt0243569,Just for Today,2001,9.70,Ariel Rotter
tt0243575,Speaking of Sex,2001,13.59,John McNaughton
tt0243585,Stuart Little 2,2002,13.83,Rob Minkoff
tt0243595,Kill Me Later,2001,23.39,Dana Lustig
tt0243609,To End All Wars,2001,10.45,David L. Cunningham
tt0243617,TreatShack,2001,17.07,Jenifer Wells
tt0243649,Hitler Meets Christ,2007,9.02,Brendan Keown
tt0243652,How It All Went Down,2003,8.90,Silvio Pollio
tt0243655,Wet Hot American Summer,2001,12.41,David Wain
tt0243736,40 Days and 40 Nights,2002,10.36,Michael Lehmann
tt0243759,The American Astronaut,2001,9.57,Cory McAbee
tt0243828,Come Together,2001,11.76,Jeff Macpherson
tt0243859,The Wild Bees,2001,5.09,Bohdan SlÃƒÂ¡ma
tt0243885,The Elite,2001,5.16,Terry Cunningham
tt0243904,The Final Curtain,2002,5.54,Patrick Harkins
tt0243907,Firetrap,2001,7.20,Harris Done
tt0243931,Good Advice,2001,14.40,Steve Rash
tt0243991,Intimate Affairs,2001,5.41,Alan Rudolph
tt0244000,American Outlaws,2001,18.86,Les Mayfield
tt0244122,Par 6,2002,13.05,Grant Heslov
tt0244167,La fiancÃƒÂ©e de Dracula,2002,23.67,Jean Rollin
tt0244244,Swordfish,2001,14.20,Dominic Sena
tt0244273,Two Girls from Lemoore,2003,15.01,Luka Pecel
tt0244297,War Bride,2001,7.44,Lyndon Chubbuck
tt0244379,The Accidental Detective,2003,7.17,Vanna Paoli
tt0244624,LÃƒÂ¡zaro de Tormes,2001,8.51,JosÃƒÂ© Luis GarcÃƒÂ­a SÃƒÂ¡nchez
tt0244709,Pavilion of Women,2001,16.04,Ho Yim
tt0244970,Someone Like You...,2001,9.69,Tony Goldwyn
tt0245046,Charlotte Gray,2001,15.31,Gillian Armstrong
tt0246000,Killer Instinct,2001,22.50,Ken Barbet
tt0246002,Kingdom Come,2001,21.54,Doug McHenry
tt0246005,Klassikko,2001,15.23,Kari VÃƒÂ¤ÃƒÂ¤nÃƒÂ¤nen
tt0246037,Lift,2001,6.51,Khari Streeter
tt0246076,Metal,2001,21.86,Alice Cox-Neff
tt0246108,Nailed,2001,24.79,Joel Silverman
tt0246134,Lucky Break,2001,13.36,Peter Cattaneo
tt0246158,Doors of Glory,2001,7.44,Christian Merret-Palmair
tt0246197,The Right Girl,2001,12.13,Reed Oliver
tt0246226,Serenades,2001,13.30,Mojgan Khadem
tt0246228,Alex in Wonder,2001,5.12,Drew Ann Rosenberg
tt0246878,Quest for the Lost Tribes,2003,20.71,Elliott Halpern
tt0246890,King Rikki,2002,23.19,James Gavin Bedford
tt0246894,Rollerball,2002,8.81,John McTiernan
tt0246965,Sweet Revenge,2001,9.49,Gordon McLennan
tt0246978,Thema Nr. 1,2001,16.00,Maria Bachmann
tt0247133,The Meeksville Ghost,2001,6.54,David Lister
tt0247162,Always Greener,2001,19.72,Michael J. Sarna
tt0247199,The Believer,2001,13.95,Henry Bean
tt0247254,The Code Conspiracy,2002,5.59,Hank Whetstone
tt0247303,The Shaft,2001,21.13,Dick Maas
tt0247311,Elvis Is Alive,2001,23.84,Don Murray
tt0247389,Green Diggity Dog,2001,10.84,Hoot Maynard
tt0247419,Ignition,2001,17.69,Yves Simoneau
tt0247425,In the Bedroom,2001,10.92,Todd Field
tt0247427,In the Shadows,2001,16.53,Ric Roman Waugh
tt0247638,The Princess Diaries,2001,24.91,Garry Marshall
tt0247645,The Quickie,2001,9.92,Sergei Bodrov
tt0247657,Rebels,2001,9.91,Filip Renc
tt0247745,Super Troopers,2001,14.77,Jay Chandrasekhar
tt0247786,"Two Days, Nine Lives",2001,19.12,Simon Monjack
tt0247823,Women in Film,2001,6.28,Bruce Wagner
tt0248123,Julietta,2001,9.04,Christoph Stark
tt0248124,Just Like Mona,2003,21.38,Joe Pantoliano
tt0248126,Kabhi Khushi Kabhie Gham...,2001,14.77,Karan Johar
tt0248164,Magik and Rose,2001,24.71,Vanessa Alexander
tt0248169,Manna from Heaven,2002,14.23,Maria Burton
tt0248174,The Markus Family,2001,12.04,Elfi Mikesch
tt0248190,No Such Thing,2001,12.48,Hal Hartley
tt0248216,Na Tum Jaano Na Hum,2002,21.30,Arjun Sablok
tt0248490,El sueÃƒÂ±o del caimÃƒÂ¡n,2001,24.06,Beto GÃƒÂ³mez
tt0248617,Yaadein...,2001,11.40,Subhash Ghai
tt0248640,Hard Cash,2002,19.82,Predrag Antonijevic
tt0248661,3 A.M.,2001,19.90,Lee Davis
tt0248667,Ali,2001,15.02,Michael Mann
tt0248742,Crash Point Zero,2001,10.41,Jim Wynorski
tt0248770,Kites Over Helsinki,2001,21.97,Peter Lindholm
tt0248845,Hedwig and the Angry Inch,2001,13.64,John Cameron Mitchell
tt0248928,The River,2001,17.30,Jarmo Lampela
tt0249371,Ashoka the Great,2001,20.57,Santosh Sivan
tt0249783,Sri Manjunatha,2001,5.96,K. Raghavendra Rao
tt0250125,Under the Skin of the City,2001,23.10,Rakhshan Banietemad
tt0250181,97 Brooks,2002,12.63,Mikon A. Haaksman
tt0250202,All Over the Guy,2001,8.83,Julie Davis
tt0250214,Anthrax,2001,21.26,Rick Stevenson
tt0251636,Chico,2001,14.80,Ibolya Fekete
tt0251661,One Day in August,2001,5.23,Constantine Giannaris
tt0251677,Cuban Blood,2003,16.74,Juan Gerard
tt0251690,Ethirum Puthirum,2001,23.03,V.C. Ramani
tt0251696,Fast Sofa,2001,19.92,SalomÃƒÂ© Breziner
tt0252225,Almost Salinas,2001,5.53,Terry Green
tt0252299,Buffalo Soldiers,2001,22.87,Gregor Jordan
tt0252866,American Pie 2,2001,12.76,J.B. Rogers
tt0252902,Thank Heaven,2001,10.18,John Asher
tt0252918,Baby of the Family,2002,7.63,Jonee Ansa
tt0253028,Deadly Little Secrets,2002,22.60,Fiona Mackenzie
tt0253197,Syndare i sommarsol,2001,5.13,Daniel Alfredson
tt0253200,Last Orders,2001,12.83,Fred Schepisi
tt0253201,Last Party 2000,2001,23.79,Donovan Leitch Jr.
tt0253399,One Leg Kicking,2001,15.43,Khoo Koh
tt0253474,The Pianist,2002,20.78,Roman Polanski
tt0253487,Pledge of Innocence,2001,12.64,Benjamin Louis
tt0253688,Shoot or Be Shot,2002,15.83,J. Randall Argue
tt0253704,Silence of Fear,2002,16.22,Nasser Bakhti
tt0253798,Out Cold,2001,8.62,Emmett Malloy
tt0253821,Everything Happens to Me,2001,9.44,Miquel GarcÃƒÂ­a Borda
tt0253827,The Martins,2001,16.36,Tony Grounds
tt0253840,The Triumph of Love,2001,8.45,Clare Peploe
tt0253867,The Sweetest Thing,2002,8.18,Roger Kumble
tt0253895,Vienna,2002,10.54,Peter Gersina
tt0253933,Be Somebody,2002,23.15,Bernard Madrid
tt0254099,The Anniversary Party,2001,19.15,Alan Cumming
tt0254334,The Fourth Angel,2001,21.29,John Irvin
tt0254385,Home Sweet Home,2001,24.01,Heidi Draper
tt0254422,The Inside Story,2002,11.19,Robert Sutherland
tt0254440,New Times at Crossroad Street,2001,18.93,Ivars Seleckis
tt0254448,Making Metamorphosis,2001,16.07,Christopher E. Brown
tt0254455,Sex and Lucia,2001,18.56,Julio Medem
tt0254481,Koi... Mil Gaya,2003,19.60,Rakesh Roshan
tt0254521,LibertÃƒÂ©-OlÃƒÂ©ron,2001,17.32,Bruno PodalydÃƒÂ¨s
tt0254617,Olive Juice,2001,22.80,Ken Hastings
tt0254622,They Call This... Spring,2001,17.06,HervÃƒÂ© Le Roux
tt0254626,One Eyed King,2001,11.86,Bobby Moresco
tt0254686,The Piano Teacher,2001,23.15,Michael Haneke
tt0254703,The Point Men,2001,15.15,John Glen
tt0254740,Roots,2001,21.31,Beata Pozniak
tt0254775,The Red Siren,2002,16.09,Olivier Megaton
tt0254784,Indian Cowboy,2004,11.53,Nikhil Kamkolkar
tt0254789,Split Decision,2001,24.37,Marcy Garriott
tt0254791,Le stade de Wimbledon,2001,22.28,Mathieu Amalric
tt0255055,China: The Panda Adventure,2001,13.27,Robert M. Young
tt0255432,Now & Forever,2002,14.52,Bob Clark
tt0255443,Deadly Engagement,2002,7.79,Lloyd A. Simandl
tt0255477,Pinocchio,2002,10.38,Roberto Benigni
tt0255623,Subterano,2003,23.54,Esben Storm
tt0255637,Terrorama!,2001,21.58,Edwin Brienen
tt0255653,Tortilla Soup,2001,12.25,Maria Ripoll
tt0255655,The Trade,2003,11.51,Thomas Halikias
tt0255958,Down House,2001,15.79,Roman Kachanov
tt0256033,Forever Yours,2004,19.43,Clifton Ko
tt0256259,Pauline and Paulette,2001,24.76,Lieven Debrauwer
tt0256276,Possession,2002,20.53,Neil LaBute
tt0256341,Road to Redemption,2001,23.35,Robert Vernon
tt0256359,The Safety of Objects,2001,10.19,Rose Troche
tt0256374,Pretty When You Cry,2001,15.87,Jack N. Green
tt0256380,Shallow Hal,2001,23.79,Peter Farrelly
tt0256400,Sometimes a Hero,2003,6.33,Jalal Merhi
tt0256408,Startup.com,2001,15.29,Jehane Noujaim
tt0256415,Sweet Home Alabama,2002,12.46,Andy Tennant
tt0256766,Gallito Ciego,2001,11.44,Santiago Carlos Oves
tt0257206,The Suitcase,2002,14.82,Hans Magnus KvÃƒÂ¥le
tt0257215,A Song for Martin,2001,14.79,Bille August
tt0257245,Une jeune fille Ãƒ  la fenÃƒÂªtre,2001,24.49,Francis Leclerc
tt0257282,Bolivar Is Me,2002,13.09,Jorge AlÃƒÂ­ Triana
tt0257290,Glass Tiger,2001,6.96,IvÃƒÂ¡n KapitÃƒÂ¡ny
tt0257355,Birdseye,2002,10.54,Stephen Beckner
tt0257360,About Schmidt,2002,6.82,Alexander Payne
tt0257408,Judgment,2001,17.49,AndrÃƒÂ© van Heerden
tt0257434,Being Light,2001,21.99,Jean-Marc Barr
tt0257447,Black Diamond,2001,12.47,Gunnar Walther
tt0257510,Crocodile 2: Death Swamp,2002,11.40,Gary Jones
tt0257516,Cursed,2005,14.59,Wes Craven
tt0257568,Kangaroo Jack,2003,13.75,David McNally
tt0257606,The End of the Road,2001,19.99,Brent Meeske
tt0257727,Black Widow,2001,13.68,Paul Harather
tt0257750,Heart of Stone,2001,23.45,Dale Trevillion
tt0257756,High Crimes,2002,11.21,Carl Franklin
tt0258068,The Quiet American,2002,20.71,Phillip Noyce
tt0258100,Run Ronnie Run,2002,24.89,Troy Miller
tt0258127,Liars Club,2001,17.34,Bruce Cacho-Negrete
tt0258153,S1m0ne,2002,7.03,Andrew Niccol
tt0258159,Siniestro,2001,18.14,Ernesto McCausland
tt0258760,Lammbock,2001,24.58,Christian ZÃƒÂ¼bert
tt0258816,The Reckoning,2002,23.50,Paul McGuigan
tt0258827,Girls on Top,2001,18.75,Dennis Gansel
tt0258834,Nebraska Supersonic,2001,18.27,Jeremy Lerman
tt0258841,Nine Tenths,2002,10.09,Jon Gritton
tt0259386,Knight Club,2001,10.62,Russell Gannon
tt0259393,Lantana,2001,17.85,Ray Lawrence
tt0259417,Malunde,2001,12.39,Stefanie Sycholt
tt0259424,Our Tropical Island,2001,23.40,Marcello Cesena
tt0259440,Beautiful Memories,2001,14.81,Zabou Breitman
tt0259446,My Big Fat Greek Wedding,2002,18.86,Joel Zwick
tt0259484,Paid in Full,2002,24.88,Charles Stone III
tt0259497,Pendulum,2001,22.81,James D. Deck
tt0259538,Returning Mickey Stern,2002,14.41,Michael Prywes
tt0259561,If I Were You,2001,18.63,Giulio Manfredonia
tt0259567,Perfect Opposites,2004,24.92,Matt Cooper
tt0260036,Felix and Lola,2001,23.71,Patrice Leconte
tt0260042,False Prophets,2006,18.80,Robert Kevin Townsend
tt0260522,In Desert and Wilderness,2001,17.85,Gavin Hood
tt0260695,Hometown Legend,2002,7.86,James Anderson
tt0261289,Serving Sara,2002,20.73,Reginald Hudlin
tt0261311,Sound of the Sea,2001,15.07,Bigas Luna
tt0261379,An Island of Their Own,2001,8.18,MiklÃƒÂ³s Szurdi
tt0261842,Mullet,2001,10.69,David Caesar
tt0261983,Session 9,2001,23.89,Brad Anderson
tt0261992,Winter Break,2003,22.40,Marni Banack
tt0262156,The Invisible Collection,2003,15.31,Gianfranco Isernia
tt0262174,Reconciled,2001,24.38,Rosalia Polizzi
tt0262301,La boÃƒÂ®te,2001,10.94,Claude Zidi
tt0262345,Condemned to Freedom,2001,16.57,Emiliano Ribeiro
tt0263009,2000 Nordestes,2001,5.04,David FranÃƒÂ§a Mendes
tt0263017,Like Cat and Mouse,2002,10.49,Rodrigo Triana
tt0263053,Alone,2002,12.33,Phil Claydon
tt0263199,Chinna,2001,5.19,Narayana Rao Dasari
tt0263215,Picture Claire,2001,23.95,Bruce McDonald
tt0263265,Shortcut to Happiness,2003,19.19,Alec Baldwin
tt0263348,Flyvende farmor,2001,19.11,Steen Rasmussen
tt0263488,Jeepers Creepers,2001,12.98,Victor Salva
tt0263495,Johnny Virus,2005,22.55,W.W. Vought
tt0263496,Pretty Things,2001,8.81,Gilles Paquet-Brenner
tt0263671,Love the Hard Way,2001,11.38,Peter Sehr
tt0263894,The Sentence: The Accusation,2001,5.51,Anna Petkova
tt0263895,PrivÃƒÂ©,2004,8.38,Heddy Honigmann
tt0264395,Basic,2003,20.39,John McTiernan
tt0264410,Berserker,2004,11.82,Paul Matthews
tt0264429,Black Mask 2: City of Masks,2002,12.92,Hark Tsui
tt0264445,Bruxelles mon amour,2001,24.16,Peter Vandekerckhove
tt0264446,Bufo & Spallanzani,2001,17.00,FlÃƒÂ¡vio R. Tambellini
tt0264464,Catch Me If You Can,2002,7.56,Steven Spielberg
tt0264472,Changing Lanes,2002,21.78,Roger Michell
tt0264476,Children Underground,2001,21.22,Edet Belzberg
tt0264491,Sexy Comedy,2001,15.77,Claudio Bigagli
tt0264508,Dagon,2001,10.17,Stuart Gordon
tt0264559,Dumb Luck,2003,18.56,Craig Clyde
tt0264571,The Shanghai Spell,2002,17.29,Fernando Trueba
tt0264605,Extreme Force,2001,5.76,Michel Qissi
tt0264606,Extreme Honor,2001,11.93,Steven Rush
tt0264616,Frailty,2001,17.35,Bill Paxton
tt0264683,High Times Potluck,2002,5.99,Alison Thompson
tt0264689,Home Room,2002,12.88,Paul F. Ryan
tt0264761,Kissing Jessica Stein,2001,21.43,Charles Herman-Wurmfeld
tt0265787,The Source,2002,23.51,Steve Taylor
tt0265803,Anything But Love,2002,8.25,Robert Cary
tt0265808,Stealing Harvard,2002,5.75,Bruce McCulloch
tt0265825,Addictions and Subtractions,2004,18.99,VÃƒÂ­ctor Gaviria
tt0265859,Tempted,2001,12.68,Bill Bennett
tt0265864,"Thank You, Good Night",2001,21.46,D. Charles Griffith
tt0266017,De vriendschap,2001,24.26,Nouchka van Brakel
tt0266041,What Matters Most,2001,11.89,Jane Cusumano
tt0266057,Without Charlie,2001,21.69,Adam Rifkin
tt0266078,Yolngu Boy,2001,7.77,Stephen Johnson
tt0266102,Zoe,2001,8.79,Deborah Attoinese
tt0266449,Deadly Rhapsody,2001,15.66,Don Abernathy
tt0266452,Death to Smoochy,2002,6.90,Danny DeVito
tt0266465,A Man Apart,2003,22.54,F. Gary Gray
tt0266486,Dubai,2001,6.97,Joshi
tt0266489,Duplex,2003,22.26,Danny DeVito
tt0266529,Falling Like This,2001,5.36,Dani Minnick
tt0266629,Hollywood Sex Fantasy,2005,15.04,Kelley Cauthen
tt0267414,Facing the Enemy,2001,14.13,Robert Malenfant
tt0267440,Do You Wanna Know a Secret?,2001,20.52,Thomas Bradford
tt0267461,El rey de rock n roll,2001,15.22,Marjorie Chodorov
tt0267518,Geregelte VerhÃƒÂ¤ltnisse,2001,9.53,Kurt W. OehlschlÃƒÂ¤ger
tt0267572,What Are You Looking For,2002,16.98,Marco S. Puccioni
tt0267626,K-19: The Widowmaker,2002,11.31,Kathryn Bigelow
tt0267633,Karmina 2,2001,20.63,Gabriel Pelletier
tt0267659,Last Run,2001,24.21,Anthony Hickox
tt0267672,Dear Fidel,2001,14.17,Wilfried Huismann
tt0267677,Life in the Balance,2001,13.22,Adam Weissman
tt0267694,Lunch with Charles,2001,18.58,Michael Parker
tt0267764,Mr. Id,2003,8.26,John Stecenko
tt0267785,No One Can Hear You,2001,20.55,John Laing
tt0267804,The One,2001,12.96,James Wong
tt0268032,Weiser,2001,18.16,Wojciech Marczewski
tt0268040,Wooly Boys,2001,6.92,Leszek Burzynski
tt0268126,Adaptation.,2002,15.10,Spike Jonze
tt0268159,Avec tout mon amour,2001,9.76,Amalia Escriva
tt0268200,Brigham City,2001,18.48,Richard Dutcher
tt0268755,Watchtower,2001,18.13,George Mihalka
tt0268762,Wrong Number,2002,10.22,Richard Middleton
tt0269191,Em Volta,2002,11.71,Ivo Ferreira
tt0269228,La fille de son pÃƒÂ¨re,2001,22.88,Jacques Deschamps
tt0269281,Global Heresy,2002,14.29,Sidney J. Furie
tt0269329,Alias Betty,2001,17.78,Claude Miller
tt0269341,Two Can Play That Game,2001,21.05,Mark Brown
tt0269347,The Hunted,2003,6.92,William Friedkin
tt0269350,Children: Kosovo 2000,2001,6.42,Ferenc MoldovÃƒÂ¡nyi
tt0269356,Ice Planet,2001,6.35,Winrich Kolbe
tt0269376,Island Prey,2001,7.48,William Riead
tt0269388,Jacobs frestelse,2001,13.35,HÃƒÂ¥kan Norberg
tt0269408,The Journeyman,2001,19.30,James Crowley
tt0269433,Touched by an Angel,2001,11.44,Christina Olofson
tt0269792,I Love Budapest,2001,14.32,ÃƒÂgnes Incze
tt0270053,Vizontele,2001,12.26,Ãƒâ€“mer Faruk Sorak
tt0270197,American Gun,2002,13.36,Alan Jacobs
tt0270259,The Business of Strangers,2001,5.00,Patrick Stettner
tt0270270,Century Hotel,2001,19.94,David Weaver
tt0270291,Coral Reef Adventure,2003,19.70,Greg MacGillivray
tt0270393,Groom Lake,2002,13.67,William Shatner
tt0270465,Short Time of Tenderness,2001,24.27,Roland Reber
tt0270480,Mad Love,2001,15.33,Vicente Aranda
tt0270487,MacArthur Park,2001,18.84,Billy Wirth
tt0270515,Miss Wonton,2001,23.20,Meng Ong
tt0270522,Mounted by the Gods,2003,14.51,Alberto Venzago
tt0270569,La pena mÃƒÂ¡xima,2001,17.92,Jorge Echeverry
tt0270640,Senario lagi,2001,21.10,Aziz M. Osman
tt0270684,The Sin of Innocence,2001,6.72,Roland Reber
tt0270688,Teknolust,2002,5.32,Lynn Hershman-Leeson
tt0270707,The Truth About Charlie,2002,21.42,Jonathan Demme
tt0270841,Cyber Wars,2004,6.13,Jian Hong Kuo
tt0270846,Superbabies: Baby Geniuses 2,2004,21.40,Bob Clark
tt0271045,The Other Brother,2002,23.60,Mandel Holland
tt0271053,Manhattan Midnight,2001,8.81,Alfred Cheung
tt0271395,Beyond Vanilla,2001,8.23,Claes Lilja
tt0271400,Black Swan,2002,9.73,Wendy Ord
tt0271436,Cold Fish,2001,18.95,David Fairman
tt0271444,Crooked Lines,2003,20.55,Harry OReilly
tt0271445,Crust,2003,20.91,Mark Locke
tt0271451,Descent Into Darkness,2002,17.90,Daniel Knauf
tt0271637,With Great Joy,2001,21.78,Lodewijk Crijns
tt0271649,Mrs. Death 3,2001,10.18,Jack Williams
tt0271668,National Security,2003,20.59,Dennis Dugan
tt0271708,Peak Experience,2003,7.39,Anthony Adams
tt0273037,02:06 - Anatomija bola,2001,10.19,Janko Baljak
tt0273041,13th Child,2002,23.77,Steven Stockage
tt0273048,30 Years to Life,2001,23.28,Vanessa Middleton
tt0273083,The Migration of the Angel,2002,20.07,Nodar Managadze
tt0273089,Apparao Ki Oka Nela Thappindi,2001,5.54,Narasimha Rao Relangi
tt0273108,The Beautiful Country,2004,22.49,Hans Petter Moland
tt0273435,Ararat,2002,10.84,Atom Egoyan
tt0273453,Bark!,2002,21.71,Kasia Adamik
tt0273457,Beauty Betrayed,2002,11.02,John Quinn
tt0273715,Circling,2001,24.98,Jakob Hilpert
tt0273719,Shake It,2001,6.83,Hella Joof
tt0273726,Christmas Nightmare,2001,14.23,Vince Di Meglio
tt0273805,Meine polnische Jungfrau,2001,5.66,Douglas Wolfsperger
tt0273812,Honey for Oshun,2001,20.61,Humberto SolÃƒÂ¡s
tt0273833,Mongoland,2001,21.07,Arild ÃƒËœstin Ommundsen
tt0273840,Moscow Square,2001,18.50,Ferenc TÃƒÂ¶rÃƒÂ¶k
tt0273850,My Brother Tom,2001,24.31,Dom Rotheroe
tt0273851,My Kingdom,2001,21.03,Don Boyd
tt0274384,Black & Gold,2001,7.25,Rick Rowley
tt0274407,Callas Forever,2002,8.14,Franco Zeffirelli
tt0274419,"Caruso, Zero for Conduct",2001,13.96,Francesco Nuti
tt0274424,Chacho Rom,2002,20.38,IldikÃƒÂ³ SzabÃƒÂ³
tt0274428,Divine Intervention,2002,15.03,Elia Suleiman
tt0274430,Club Le Monde,2002,8.99,Simon Rumley
tt0274432,Come si fa un Martini,2001,14.86,Kiko Stella
tt0274457,An Impossible Crime,2001,22.34,Antonello Grimaldi
tt0274460,Diapason,2001,22.13,Antonio Domenici
tt0274626,Lavender,2001,18.62,Kam-Hung Yip
tt0274757,The Comeback,2001,21.70,Franco Angeli
tt0274796,Savage Season,2001,7.64,Mike Tristano
tt0274812,Secretary,2002,8.09,Steven Shainberg
tt0274813,Secrets Through the Smoke,2001,12.56,Jeremy London
tt0274830,Sezon na leszcza,2001,13.51,Boguslaw Linda
tt0274847,Sin destino,2002,24.85,Leopoldo Laborde
tt0275170,The 4th Tenor,2002,18.76,Harry Basil
tt0275182,Acts of Worship,2001,14.22,Rosemary Rodriguez
tt0275236,The Bros.,2007,9.81,Jonathan Figg
tt0275245,Carving Out Our Name,2001,21.40,Tony Zierra
tt0275258,Mothers and Daughters,2006,12.58,Sheri Hellard
tt0275263,Ciao America,2002,13.69,Frank Ciota
tt0275309,Dogtown and Z-Boys,2001,5.69,Stacy Peralta
tt0275560,Nuit de noces,2001,22.41,Ãƒâ€°mile Gaudreault
tt0275596,Polish Spaghetti,2001,9.98,David P. Moore
tt0275611,Witness to a Kill,2001,17.68,Darrell Roodt
tt0275639,Love Street,2002,13.46,Patrice Leconte
tt0275655,Satan Was a Lady,2001,9.24,Doris Wishman
tt0275681,Broken Silence,2001,20.84,Montxo ArmendÃƒÂ¡riz
tt0275688,Snipes,2001,11.46,Rich Murray
tt0275692,Sol Goode,2003,9.81,Danny Comden
tt0275719,Tape,2001,9.65,Richard Linklater
tt0275772,"Vegas, City of Dreams",2001,13.84,Lorenzo Doumani
tt0275847,Lilo & Stitch,2002,15.23,Dean DeBlois
tt0275876,10 + 2: El gran secreto,2001,9.62,Miquel Pujol
tt0275902,Betelnut Beauty,2001,17.41,Cheng-sheng Lin
tt0275913,Amazons and Gladiators,2001,13.18,Zachary Weintraub
tt0275915,Possible Loves,2001,8.70,Sandra Werneck
tt0275947,Avenging Angelo,2002,18.93,Martyn Burke
tt0275967,Birthday,2001,23.58,Stefan JÃƒÂ¤ger
tt0275979,Boys on the Run,2003,16.08,Pol Cruchten
tt0276015,Kuroe,2001,24.68,GÃƒÂ´ RijÃƒÂ»
tt0276033,The Country Bears,2002,10.15,Peter Hastings
tt0276053,Out of Bounds,2003,11.73,Merlin Ward
tt0276134,Finnlandia,2001,23.19,Eleni Ampelakiotou
tt0276140,Fogbound,2002,15.74,Ate de Jong
tt0276167,El gran marciano,2001,24.15,Antonio HernÃƒÂ¡ndez
tt0276176,Playing Swede,2001,8.51,Daniel DÃƒÂ­az Torres
tt0276189,Cool and Crazy,2001,5.11,Knut Erik Jensen
tt0276191,Hemso,2001,15.04,Ãƒâ€“mer Ugur
tt0276194,Himmlische Helden,2001,14.86,Carsten Fiebeler
tt0276198,Horse Crazy,2001,24.16,Eric Hendershot
tt0276203,House of Luk,2001,11.22,Derek Diorio
tt0276216,The Days Between,2001,18.62,Maria Speth
tt0276276,Lawless Heart,2001,14.44,Neil Hunter
tt0276313,Makibefo,2001,11.33,Alexander Abela
tt0276315,Comic King,2001,8.35,Sing-Pui O
tt0276423,Professor Niedlich,2001,22.76,Lukas Stepanik
tt0276428,Puckoon,2002,23.76,Terence Ryan
tt0276435,Qui vive,2001,5.51,Frans Weisz
tt0276436,The Golden Bridge,2001,11.26,Jorge Carmona
tt0276437,Rain,2001,14.79,Katherine Lindberg
tt0276977,Gang Tapes,2001,15.15,Adam Ripp
tt0277027,I Am Sam,2001,6.40,Jessie Nelson
tt0277039,The Inner Tour,2001,21.54,Raanan Alexandrowicz
tt0277044,Inugami,2001,23.49,Masato Harada
tt0277155,Bloody Nuisance,2001,7.86,Andrea Katzenberger
tt0277171,My Dinner with Jimi,2003,23.81,Bill Fishman
tt0277184,Never Get Outta the Boat,2002,10.45,Paul Quinn
tt0277203,The Optimists,2001,15.85,Jacky Comforty
tt0277255,The Profit,2001,22.88,Peter N. Alexander
tt0277266,The Rat,2001,21.86,Nicolas Bonilauri
tt0277270,Redemption Road,2001,15.65,Lloyd Stanton
tt0277296,The Scorpion King,2002,7.66,Chuck Russell
tt0277341,Spiegelgrund,2001,6.34,Tristan Sindelgruber
tt0277371,Not Another Teen Movie,2001,23.75,Joel Gallen
tt0277386,Title to Murder,2001,14.73,Stephen Furst
tt0277412,Unspeakable,2002,17.40,Thomas J. Wright
tt0277414,Urbania,2001,17.82,Flavio Frederico
tt0277434,We Were Soldiers,2002,11.87,Randall Wallace
tt0277444,I Love Beijing,2001,20.92,Ying Ning
tt0277561,Alcatraz Is Not an Island,2001,23.98,James M. Fortier
tt0277578,Anita Takes a Chance,2001,12.15,Ventura Pons
tt0277585,Undermind,2003,23.80,Nevil Dwek
tt0277588,Going By,2001,17.56,Iraj Karimi
tt0277592,Children of Petroleum,2001,11.38,Ebrahim Forouzesh
tt0277615,Bug,2002,19.21,Matt Manfredi
tt0277622,Cet amour-lÃƒ ,2001,16.92,JosÃƒÂ©e Dayan
tt0277625,Inside,2002,21.97,Michel JettÃƒÂ©
tt0277674,Forever and Ever,2001,14.10,Raymond To
tt0277895,Mickey,2004,19.58,Hugh Wilson
tt0277909,Mutant Aliens,2001,10.61,Bill Plympton
tt0278069,Super 8 Stories,2001,9.32,Emir Kusturica
tt0278102,Trembling Before G-d,2001,9.78,Sandi Simcha Dubowski
tt0278259,.com for Murder,2002,15.91,Nico Mastorakis
tt0278291,Ajnabee,2001,5.23,Abbas Alibhai Burmawalla
tt0278293,El misterio del Trinidad,2003,13.41,JosÃƒÂ© Luis GarcÃƒÂ­a Agraz
tt0278295,All About the Benjamins,2002,6.35,Kevin Bray
tt0278368,Boran,2001,6.52,Alexander Berner
tt0278395,Clover Bend,2002,8.56,Michael Vickerman
tt0278823,Hollywood Ending,2002,18.24,Woody Allen
tt0278905,Acacia Walk,2001,20.50,Joji Matsuoka
tt0278954,B-52,2001,22.79,Hartmut Bitomsky
tt0278976,Big Time,2001,7.46,Jerry Heiss
tt0279002,Camp X,2001,23.94,Jeremy McCormack
tt0279037,Heart of America,2002,12.30,Uwe Boll
tt0279064,Elling,2001,24.68,Petter NÃƒÂ¦ss
tt0279154,Jedermanns Fest,2002,21.49,Fritz Lehner
tt0279510,W/O,2001,8.44,Kohki Hasei
tt0279523,Peony Pavilion,2001,12.71,Yonfan
tt0279620,681-0638,2001,13.24,Ari Grief
tt0279623,Above & Beyond,2001,23.05,Stuart Alexander
tt0280066,Red Zone,2001,10.54,Benjamin Koldyke
tt0280095,Schwimmer in der WÃƒÂ¼ste,2001,18.57,Kurt Mayer
tt0280096,A Fine Day,2001,16.22,Thomas Arslan
tt0280136,Modeling Taiwan,2001,20.38,Ting-fu Huang
tt0280179,De verlossing,2001,8.23,Hugo Claus
tt0280430,Animal City - Stadt der Tiere,2001,15.02,FrÃƒÂ©dÃƒÂ©ric Gonseth
tt0280436,The Art of Woo,2001,5.39,Helen Lee
tt0280438,Ash Wednesday,2002,16.90,Edward Burns
tt0280456,Ball in the House,2001,23.34,Tanya Wexler
tt0280460,The Banger Sisters,2002,21.00,Bob Dolman
tt0280462,The Barber,2002,9.97,Micheal Bafaro
tt0280477,Better Luck Tomorrow,2002,21.88,Justin Lin
tt0280486,Bad Company,2002,14.45,Joel Schumacher
tt0280490,The Hard Word,2002,21.64,Scott Roberts
tt0280491,Bloody Sunday,2002,19.83,Paul Greengrass
tt0280682,Folly Island,2001,9.22,Ron Galloway
tt0280696,Garage Days,2002,21.63,Alex Proyas
tt0280699,GebÃƒÂ¼rtig,2002,15.50,Robert Schindel
tt0280707,Gosford Park,2001,7.59,Robert Altman
tt0280720,The Guru,2002,6.47,Daisy von Scherler Mayer
tt0280727,Good Hands,2001,24.58,Peeter Simm
tt0280733,Heidi M.,2001,18.49,Michael Klier
tt0280760,Igby Goes Down,2002,13.71,Burr Steers
tt0280764,The Impossible Elephant,2001,8.06,Martin Wood
tt0280776,Into the Body,2001,14.19,Brian Knappenberger
tt0280778,Iris,2001,21.76,Richard Eyre
tt0280788,Phoenix Blue,2001,21.23,Tony Maylam
tt0280818,Kami-sama no ui yatsu,2001,15.86,Akira Fujiwara
tt0280845,Kondaveeti Simhasanam,2002,10.64,Narayana Rao Dasari
tt0280933,Passing Summer,2001,20.60,Angela Schanelec
tt0280949,Miranda,2002,6.09,Marc Munden
tt0280956,Mole,2001,23.63,Richard Mauro
tt0280962,Mr In-Between,2001,14.88,Paul Sarossy
tt0280969,My Little Eye,2002,18.51,Marc Evans
tt0280970,My Name Is Tanino,2002,22.91,Paolo VirzÃƒÂ¬
tt0280974,Nachts im Park,2002,14.03,Uwe Janson
tt0281015,Ordinary Madness,2001,16.41,Bernardo Gigliotti
tt0281024,Pacino Is Missing,2002,14.94,Eric Galler
tt0281073,Playground Girls,2001,20.50,Brent Roske
tt0281078,Ponterosa,2001,12.66,Mika Kemmo
tt0281094,Princesa,2001,16.82,Henrique Goldman
tt0281102,Pyaar Tune Kya Kiya...,2001,21.13,Rajat Mukherjee
tt0281108,The Race,2002,10.18,Djamel Bensalah
tt0281140,Le royaume des rapiats,2001,22.49,Michel Vignaud
tt0281190,Shottas,2002,16.93,Cess Silvera
tt0281202,Sladke sanje,2001,12.17,Saso Podgorsek
tt0281206,Solitude,2001,5.05,Robin Schlaht
tt0281209,Song of the Stork,2002,23.74,Phan Quang Binh Nguyen
tt0281214,Hole in the Sky,2001,18.56,Kazuyoshi Kumakiri
tt0281231,Training Wheels,2002,16.59,Constance L. Hoy
tt0281233,Stripped,2001,22.26,Jill Morley
tt0281249,The Sweetest Sound,2001,16.55,Alan Berliner
tt0281253,Tabloid,2001,10.94,David Blair
tt0281312,Two Unknown Photographers,2001,20.05,Kon Pet Moon
tt0281322,Undisputed,2002,22.45,Walter Hill
tt0281339,Venus Talking,2001,7.10,Rudolf Thome
tt0281357,Second Class Citizens,2001,23.13,Kira Muratova
tt0281358,A Walk to Remember,2002,9.36,Adam Shankman
tt0281364,Wasabi,2001,12.43,GÃƒÂ©rard Krawczyk
tt0281370,WillFull,2001,9.05,Rebel Penfold-Russell
tt0281373,Snow Dogs,2002,22.96,Brian Levant
tt0281398,The Zeros,2001,22.66,John Ryman
tt0281865,"Frank McKlusky, C.I.",2002,19.40,Arlene Sanford
tt0281870,La fuga,2001,24.01,Eduardo Mignogna
tt0281889,Go for Broke,2002,16.88,Jean-Claude La Marre
tt0281924,I Am Dina,2002,7.37,Ole Bornedal
tt0281954,El lado oscuro del corazÃƒÂ³n 2,2001,21.22,Eliseo Subiela
tt0282039,On Common Ground,2001,18.98,Jessica Glass
tt0282108,Quo Vadis,2001,6.23,Jerzy Kawalerowicz
tt0282120,The Wild Thornberrys Movie,2002,9.20,Jeff McGrath
tt0282129,Gangs from Rosario,2001,22.34,Rodrigo Grande
tt0282141,Shimkent hÃƒÂ´tel,2003,19.09,Charles de Meaux
tt0282155,Sexy Boys,2001,23.43,StÃƒÂ©phane Kazandjian
tt0282163,Shredder,2003,14.87,Greg Huson
tt0282179,Spiders II: Breeding Ground,2001,19.05,Sam Firstenberg
tt0282184,Stakaman!,2001,5.65,Antonis Kafetzopoulos
tt0282378,Bella Bettien,2002,6.10,Hans Pos
tt0282386,Blood Feast 2: All U Can Eat,2002,8.55,Herschell Gordon Lewis
tt0282410,Chance,2002,19.45,Amber Benson
tt0282413,A Touch of Fate,2003,6.62,Rebecca Cook
tt0282481,Shattered Lies,2002,9.72,Gerry Lively
tt0282483,Fangs,2002,23.76,Kelly Sandefur
tt0282484,"Mafioso: The Father, the Son",2001,24.65,Anthony Caldarella
tt0282489,Fighting Chance,2001,6.98,Donald Farmer
tt0282496,Flying Virus,2001,15.93,Jeff Hare
tt0282515,Gangsters,2002,13.73,Olivier Marchal
tt0282526,Days,2001,15.83,Laura Muscardin
tt0282528,Girl for Girl,2001,12.98,John Quinn
tt0282860,Princess D,2002,12.39,Alan Yuen
tt0282864,Promises,2001,18.02,Carlos Bolado
tt0282883,Quicksand,2002,7.92,Sam Firstenberg
tt0283354,GarÃƒÂºa,2005,20.53,Gustavo Corrado
tt0283366,Gypsy Woman,2001,13.90,Sheree Folkson
tt0283372,A Second Chance,2001,22.89,Fernando SariÃƒÂ±ana
tt0283380,The Tree,2001,7.77,Daisy Chan
tt0283383,Inheritance,2001,5.17,Paula HernÃƒÂ¡ndez
tt0283387,The Holy Land,2001,17.56,Eitan Gorlin
tt0283392,How Time Flies,2001,7.26,Sigrun KÃƒÂ¶hler
tt0283402,In Loving Memory,2001,18.64,Peter Delpeut
tt0284034,Demonlover,2002,6.41,Olivier Assayas
tt0284045,Dead Above Ground,2002,11.12,Chuck Bowman
tt0284066,Double Vision,2002,11.39,Kuo-Fu Chen
tt0284075,Duck Ugly,2005,18.58,Emmanuel Klotz
tt0284083,Bond of Love,2001,13.74,Suneel Darshan
tt0284086,Emmanuelle 2000,2001,7.95,Udo Blass
tt0284135,Full Ride,2002,13.55,Mark Hoeger
tt0284137,Gadar: Ek Prem Katha,2001,18.90,Anil Sharma
tt0284141,Get a Life,2001,8.84,JoÃƒÂ£o Canijo
tt0284182,Away from Home,2001,22.49,Semih Kaplanoglu
tt0284187,"Hollywood, Pennsylvania",2001,20.92,Greg Swartz
tt0284357,Novela Novela,2001,12.13,Chrystianne Rochat
tt0284363,I Served the King of England,2006,12.89,JirÃƒÂ­ Menzel
tt0284406,Chopin. Pragnienie milosci,2002,23.06,Jerzy Antczak
tt0284422,Razboi ÃƒÂ®n bucatarie,2003,11.62,Marius Barna
tt0284426,Red Betsy,2003,23.91,Chris Boebel
tt0284430,Rerum novarum,2001,19.71,Fernando Molnar
tt0284436,Roomates,2001,21.81,Paulina Porizkova
tt0284442,BÃƒÂ¢tards,2002,24.94,FrÃƒÂ©dÃƒÂ©ric Saurel
tt0284492,Sisters,2001,14.27,Sergey Bodrov
tt0284494,Skins,2002,11.54,Chris Eyre
tt0284496,Sleep in a Nest of Flames,2001,9.88,James Dowell
tt0284525,Suddenly Naked,2001,9.78,Anne Wheeler
tt0284534,Swingers,2002,14.26,Stephan Brenninkmeijer
tt0284537,Saturday,2001,16.97,Juan Villegas
tt0284566,Toneelgroep Amsterdam,2001,17.07,Niek Koppen
tt0284573,Transfixed,2001,9.44,Francis Girod
tt0284595,V avguste 44-go,2001,10.98,Mikhail Ptashuk
tt0284631,Walking on Water,2002,21.60,Tony Ayres
tt0284655,WiseGirls,2002,10.04,David Anspaugh
tt0284664,Wrong Way to Sundance,2001,20.42,Dan Settani
tt0284674,Pauly Shore Is Dead,2003,6.96,Pauly Shore
tt0284683,A Spiritual Force,2001,8.56,Skafti Gudmundsson
tt0284769,Askari,2001,16.90,David Lister
tt0284815,Address Unknown,2001,13.83,Ki-duk Kim
tt0284837,Ali G Indahouse,2002,13.46,Mark Mylod
tt0284850,The Anarchist Cookbook,2002,20.79,Jordan Susman
tt0284855,The Angry Eye,2001,18.59,Susan A. Golenbock
tt0284867,The Arena,2001,5.56,Timur Bekmambetov
tt0284907,Biohazardous,2001,7.04,Michael J. Hein
tt0284929,Ted Bundy,2002,13.54,Matthew Bright
tt0284935,Manhunt,2002,21.56,Ezio Massa
tt0284970,ClÃƒÂ©ment,2001,22.18,Emmanuelle Bercot
tt0284971,Coastlines,2002,21.22,Victor Nunez
tt0284974,Learning Curves,2003,14.56,Kilian Kerwin
tt0284978,Cypher,2002,24.16,Vincenzo Natali
tt0284985,Cop on a Mission,2001,12.11,Marco Mak
tt0284999,Dattak,2001,23.05,Gul Bahar Singh
tt0285006,Australian Rules,2002,13.94,Paul Goldman
tt0285052,Strange Gardens,2003,15.53,Jean Becker
tt0285066,In This Tricky Life,2001,10.83,Beatriz Flores Silva
tt0285084,Family Circus,2001,22.58,Teja
tt0285086,Farewell to Harry,2002,15.38,Garrett Bennett
tt0285100,The Flip Side,2001,24.19,Rod Pulido
tt0285101,Fluffer,2001,9.82,Anne Clements
tt0285103,Flyfishing,2002,11.51,David L. Williams
tt0285119,FrogZ,2001,23.10,Guillaume Tunzini
tt0285126,Four Women,2001,15.95,Baker Karim
tt0285150,The High Life,2001,5.46,Philippe Dajoux
tt0285154,Great North,2001,14.47,William Reeve
tt0285156,What Boys Like,2003,10.96,Lawrence Gay
tt0285292,A Light in the Forest,2003,6.37,John Carl Buechler
tt0285300,Loonies,2002,13.97,Bobby Eerhart
tt0285531,Dreamcatcher,2003,5.75,Lawrence Kasdan
tt0285534,Dunsmore,2003,21.85,Peter Spirer
tt0285848,The Orphan of Anyang,2001,7.01,Chao Wang
tt0285861,Owning Mahowny,2003,24.49,Richard Kwietniowski
tt0285874,The Words of My Father,2001,16.42,Francesca Comencini
tt0285879,Passionada,2002,23.62,Dan Ireland
tt0285896,Phantom Love,2001,23.87,Madison Monroe
tt0285906,Pistol Opera,2001,23.46,Seijun Suzuki
tt0285954,Pure Blood,2001,20.69,Ken Kaplan
tt0285958,Pyaar Ishq Aur Mohabbat,2001,8.09,Rajiv Rai
tt0286055,Seance,2001,13.36,John Preston
tt0286057,Second Time Around,2002,17.52,Jeffrey Lau
tt0286058,Secret Passage,2004,22.55,Ademir Kenovic
tt0286098,Zu Warriors,2001,15.18,Hark Tsui
tt0286106,Signs,2002,23.24,M. Night Shyamalan
tt0286108,Silence,2002,5.65,Tom Whitus
tt0286112,Shaolin Soccer,2001,13.54,Stephen Chow
tt0286152,Stark Raving Mad,2002,5.73,Drew Daywalt
tt0286162,Stolen Summer,2002,23.07,Pete Jones
tt0286179,Sunshine State,2002,13.12,John Sayles
tt0286204,Tattoo,2002,11.42,Robert Schwentke
tt0286244,The Triplets of Belleville,2003,12.72,Sylvain Chomet
tt0286261,All or Nothing,2002,24.36,Mike Leigh
tt0286263,VadÃƒÂ­ nevadÃƒÂ­,2001,18.64,Eva BorusovicovÃƒÂ¡
tt0286306,Deathwatch,2002,15.12,Michael J. Bassett
tt0286410,3 HistÃƒÂ³rias da Bahia,2001,14.67,Edyala Iglesias
tt0286476,Autumn Spring,2001,22.99,VladimÃƒÂ­r MichÃƒÂ¡lek
tt0286482,La bande du drugstore,2002,5.96,FranÃƒÂ§ois Armanet
tt0286484,Reasonable Doubt,2001,15.83,Eric DelaBarre
tt0286493,The Badge,2002,16.26,Robby Henson
tt0286499,Bend It Like Beckham,2002,8.82,Gurinder Chadha
tt0286516,Respiro,2002,10.31,Emanuele Crialese
tt0286529,BÃƒÂ¡nk bÃƒÂ¡n,2002,20.08,Csaba KÃƒÂ¡el
tt0286557,Coney Island Baby,2003,24.47,Amy Hobby
tt0286560,Copacabana,2001,17.10,Carla Camurati
tt0286592,Dildo Heaven,2002,7.11,Doris Wishman
tt0286594,Close Your Eyes,2002,19.25,Nick Willing
tt0286613,Everything Moves Alone,2001,9.92,Mike Aransky
tt0286623,Fighting for Love,2001,6.84,Joe Ma
tt0286635,Fulltime Killer,2001,19.46,Ka-Fai Wai
tt0286669,Rooms for Tourists,2004,11.79,AdriÃƒÂ¡n GarcÃƒÂ­a Bogliano
tt0286900,Returning in Autumn,2001,15.54,Georgis Agathonikiadis
tt0286915,Duct Tape Forever,2002,17.33,Eric Till
tt0286916,Quartet for Two,2001,15.05,Naoto Takenaka
tt0286917,Requiem,2001,18.23,HervÃƒÂ© Renoh
tt0286921,Revengers Tragedy,2002,21.03,Alex Cox
tt0286922,The Rhino Brothers,2001,5.44,Dwayne Beaver
tt0286923,Japanese Devils,2001,19.11,Minoru Matsui
tt0286927,Roubada,2005,14.24,SÃƒÂ©rgio Yamasaki
tt0286939,The Sandman,2001,8.87,David Teague
tt0286947,Scorched,2003,16.62,Gavin Grazer
tt0286953,Send More Candy,2001,11.48,Philip ZandÃƒÂ©n
tt0286971,No Shame,2001,22.56,JoaquÃƒÂ­n Oristrell
tt0287021,This Filthy Earth,2001,13.34,Andrew Kotting
tt0287031,TocÃƒÂ¡ para mÃƒÂ­,2001,14.05,Rodrigo FÃƒÂ¼rth
tt0287045,Treading Water,2001,5.22,Lauren Himmelvo
tt0287058,Tootletubs & Jyro,2001,18.94,Mariko HÃƒÂ¤rkÃƒÂ¶nen
tt0287059,Twelve,2001,14.03,Daniel Noah
