name,title
"Fima Noveck","Chief Zabu"
"Allan Arbus","Chief Zabu"
"Neil Cohen","Chief Zabu"
"Allen Garfield","Chief Zabu"
"Ed Lauter","Chief Zabu"
"Norman Leigh","Chief Zabu"
"Zack Norman","Chief Zabu"
"Frank Prinzi","Chief Zabu"
"Susan Aufhauser","Chief Zabu"
"Nancy Zuker","Chief Zabu"
"Crispin Glover","Crime and Punishment"
"John Hurt","Crime and Punishment"
"Vanessa Redgrave","Crime and Punishment"
"Nicholas Josef von Sternberg","Crime and Punishment"
"Carolle Alain","Crime and Punishment"
"Fyodor Dostoevsky","Crime and Punishment"
"Menahem Golan","Crime and Punishment"
"Margot Kidder","Crime and Punishment"
"Robert O. Ragland","Crime and Punishment"
"Evgeny Afineevsky","Crime and Punishment"
"Jorge Arriagada","The Wandering Soap Opera"
"Luis AlarcÃƒÂ³n","The Wandering Soap Opera"
"Leo Kocking","The Wandering Soap Opera"
"Francisco Reyes","The Wandering Soap Opera"
"Patricia Rivadeneira","The Wandering Soap Opera"
"Raoul Ruiz","The Wandering Soap Opera"
"Valeria Sarmiento","The Wandering Soap Opera"
"PÃƒÂ­a Rey","The Wandering Soap Opera"
"Consuelo Castillo","The Wandering Soap Opera"
"AndrÃƒÂ©s Racz","The Wandering Soap Opera"
"Danny Dimbort",Bigfoot
"Manfred D. Heid",Bigfoot
"Mc Jones",Bigfoot
"Feri Hefti","Dune 7"
"Andrea Jungert","Dune 7"
"Ryszard Lenczewski","Dune 7"
"Walter Lott","Dune 7"
"David G. Muller","Dune 7"
"Ray Novak","Dune 7"
"Paul Avondet","Dune 7"
"Andrew Bodinski","Dune 7"
"Robert Lisse","Dune 7"
"Thomas Geser","Dune 7"
"Shawn K. Clement","Justifiable Homicide"
"Rudy Giuliani","Justifiable Homicide"
"Jonathan Stack","Justifiable Homicide"
"Jon Osman","Justifiable Homicide"
"Loren Avedon","The Silent Force"
"Steve Adcock","The Silent Force"
"Efrem Bergman","The Silent Force"
"George Cheung","The Silent Force"
"Karen Kim","The Silent Force"
"David H. May","The Silent Force"
"Christopher Probst","The Silent Force"
"Ron Singer","The Silent Force"
"Brian Tochi","The Silent Force"
"Cynthia Ahearn","The Silent Force"
"VÃƒÂ­ctor Mayo","3 noches"
"Jenny Noguera","3 noches"
"Carmen Helena Nouel","3 noches"
"Ãƒâ€œscar Sempere","3 noches"
"Frank Spano","3 noches"
"HernÃƒÂ¡n Toro","3 noches"
"Juan Carlos Vellido","3 noches"
"Fernando Venturini","3 noches"
"Miguel Noya","3 noches"
"Miguel Angel Garcia","3 noches"
"RyÃƒÂ»tarÃƒÂ´ Gan",Biriken
"Norimichi Kasamatsu",Biriken
"Bong-ou Lee",Biriken
"Junji Sakamoto",Biriken
"Yukiko Shii",Biriken
"Tetta Sugimoto",Biriken
Ten-Gu,Biriken
"Toshiaki Toyoda",Biriken
"Tomoko Yamaguchi",Biriken
"Naotake Kobayashi",Biriken
"Roksana Babayan",Impotent
"Mikhail Derzhavin",Impotent
"Tatyana Dogileva",Impotent
"Marina Dyuzheva",Impotent
"Anatoly Eyramdzhan",Impotent
"Vladimir Grammatikov",Impotent
"Lyubov Polishchuk",Impotent
"Natalya Seleznyova",Impotent
"Irina Shmeleva",Impotent
"Larisa Udovichenko",Impotent
"Ian Hart","Still Waters Burn"
"Lina Broydo","Still Waters Burn"
"Marty Collins","Still Waters Burn"
"Ian Davidson","Still Waters Burn"
"Halfdan Hussey","Still Waters Burn"
"Tom McEnery","Still Waters Burn"
"Kathleen Powell","Still Waters Burn"
"Michael Rogers","Still Waters Burn"
"Barbara Jean Seymour","Still Waters Burn"
"Claudia Wells","Still Waters Burn"
"Crispin Glover","What Is It?"
"Michael Blevis","What Is It?"
"Matt Devlen","What Is It?"
"Lisa Fusco","What Is It?"
"Ryan Page","What Is It?"
"Michael Pallagi","What Is It?"
"Wyatt Troll","What Is It?"
"Carlos Richardson","What Is It?"
"Steven C. Stewart","What Is It?"
"Dianne Griffin","White Hotel"
"Tobi Solvang","White Hotel"
"Jeffrey Combs","The Attic Expeditions"
"Seth Green","The Attic Expeditions"
"David Reynolds","The Attic Expeditions"
"Melissa Balin","The Attic Expeditions"
"Dan Griffiths","The Attic Expeditions"
"Andras Jones","The Attic Expeditions"
"Jeremy Kasten","The Attic Expeditions"
"Rogan Russell Marshall","The Attic Expeditions"
"Wendy Robie","The Attic Expeditions"
"Daniel Gold","The Attic Expeditions"
"Ron Bonk","Strawberry Estates"
"Chrissy Frick","Strawberry Estates"
"Jerry OSullivan","Strawberry Estates"
"Jason Reed","Strawberry Estates"
"Lisa Chelenza","Strawberry Estates"
"Bob Fullenbaum","Strawberry Estates"
"Marco Sanchez","Between the Sheets"
"Tobey Bays","Between the Sheets"
"Billy Beaird","Between the Sheets"
"Jim Braverman","Between the Sheets"
"Elyssa Davalos","Between the Sheets"
"Michael DeLuise","Between the Sheets"
"Peter DeLuise","Between the Sheets"
"Lisa Rotondi","Between the Sheets"
"Scott Stephens","Between the Sheets"
"Peter Neff","Between the Sheets"
"VirgÃƒÂ­lio Castelo",Camarate
"LuÃƒÂ­s Filipe Costa",Camarate
"LuÃƒÂ­s CÃƒÂ­lia",Camarate
"CÃƒÂ¢ndido Ferreira",Camarate
"Filipe Ferrer",Camarate
"Maria JoÃƒÂ£o LuÃƒÂ­s",Camarate
"Edgar Moura",Camarate
"Tino Navarro",Camarate
"Antonio PÃƒÂ©rez Reina",Camarate
"LuÃƒÂ­s Filipe Rocha",Camarate
"Mark Frost","Fantastic Four"
"Jessica Alba","Fantastic Four"
"Michael Chiklis","Fantastic Four"
"Avi Arad","Fantastic Four"
"Chris Evans","Fantastic Four"
"Michael France","Fantastic Four"
"Ioan Gruffudd","Fantastic Four"
"Jack Kirby","Fantastic Four"
"Stan Lee","Fantastic Four"
"Tim Story","Fantastic Four"
"Salma Hayek",Frida
"Alfred Molina",Frida
"Geoffrey Rush",Frida
"Hayden Herrera",Frida
"MÃƒÂ­a Maestro",Frida
"Gregory Nava",Frida
"Clancy Sigal",Frida
"Julie Taymor",Frida
"Anna Thomas",Frida
"Diane Lake",Frida
"Johnny Depp","From Hell"
"Ian Holm","From Hell"
"Robbie Coltrane","From Hell"
"Heather Graham","From Hell"
"Eddie Campbell","From Hell"
"Terry Hayes","From Hell"
"Albert Hughes","From Hell"
"Allen Hughes","From Hell"
"Alan Moore","From Hell"
"Rafael Yglesias","From Hell"
"Bill Conti","Moonlight Blade"
"Tony Devon","Moonlight Blade"
"Mark Lee","Moonlight Blade"
"Thomas Finn","Moonlight Blade"
"Joseph Glazer","Moonlight Blade"
"Jonathan Greene","Moonlight Blade"
"Shelley Bourne","Moonlight Blade"
"Lori Singleton","Moonlight Blade"
"Arthur J. Mangano","Moonlight Blade"
"Mark Dermott","Moonlight Blade"
"Thomas Haden Church","Serial Killing 4 Dummys"
"Lisa Loeb","Serial Killing 4 Dummys"
"Mathew Davidge","Serial Killing 4 Dummys"
"Jeffery Alan Jones","Serial Killing 4 Dummys"
"Rick Overton","Serial Killing 4 Dummys"
"Trace Slobotkin","Serial Killing 4 Dummys"
"John P. Tarver","Serial Killing 4 Dummys"
"Harry John Trube","Serial Killing 4 Dummys"
"Justin Urich","Serial Killing 4 Dummys"
"Dave Gist","Serial Killing 4 Dummys"
"John Savage","Burning Down the House"
"Jeff Marsh","Burning Down the House"
"James Wilder","Burning Down the House"
"Joanne Baron","Burning Down the House"
"Michael Cole Dinelli","Burning Down the House"
"Dan Gillham","Burning Down the House"
"Robyn T. Migel","Burning Down the House"
"Philippe Mora","Burning Down the House"
"Elise Pritcher","Burning Down the House"
"Ceasar Cavaricci","Burning Down the House"
"Lillo Brancato",Sticks
"Keith Brunsmann",Sticks
"Cindy Clark",Sticks
"Bill Elliott",Sticks
"Nils Erickson",Sticks
"David Kriegel",Sticks
"Justina Machado",Sticks
"Brett Mayer",Sticks
"Darren Paskal",Sticks
"Larry Roth",Sticks
"Sigourney Weaver",Heartbreakers
"Gene Hackman",Heartbreakers
"Ray Liotta",Heartbreakers
"Jennifer Love Hewitt",Heartbreakers
"John Davis",Heartbreakers
"Robert Dunn",Heartbreakers
"Paul Guay",Heartbreakers
"Stephen Mazur",Heartbreakers
"David Mirkin",Heartbreakers
"Irving Ong",Heartbreakers
"Cameron Diaz",Shrek
"Mike Myers",Shrek
"Eddie Murphy",Shrek
"John Lithgow",Shrek
"Andrew Adamson",Shrek
"Ted Elliott",Shrek
"Vicky Jenson",Shrek
"Terry Rossio",Shrek
"William Steig",Shrek
"Joe Stillman",Shrek
"Lou Consolo","Eyes Are Upon You"
"Lisa Delien","Eyes Are Upon You"
"David A. Goldberg","Eyes Are Upon You"
"Harold K. Keller","Eyes Are Upon You"
"Sam Nicotero","Eyes Are Upon You"
"Tom Savini","Eyes Are Upon You"
"Coven Balfour","Eyes Are Upon You"
"Joseph Robert Jobe","Eyes Are Upon You"
"Dena Leibowitz","Eyes Are Upon You"
"John Henchar","Eyes Are Upon You"
"Thomas Wilson Brown",Flophouse
"Chris Claridge",Flophouse
"Bernie Coulson",Flophouse
"Lisa Day",Flophouse
"Kelly Gately",Flophouse
"Tony Harris",Flophouse
"Ed Henry",Flophouse
"Chris Moore",Flophouse
"Patrick Winters",Flophouse
"David K. Schmal",Flophouse
"Debbie Rochon",Split
"Chaim Bianco",Split
"Julienne Hanzelka Kim",Split
"Jonny Spanish",Split
"Daniel Watchulonis",Split
"Sam Wells",Split
"Josh Dorn",Split
"Sean Miller",Split
"Stern Jesus",Split
"David Sarasti",Split
"Mark Wahlberg","Planet of the Apes"
"Helena Bonham Carter","Planet of the Apes"
"Tim Burton","Planet of the Apes"
"Tim Roth","Planet of the Apes"
"Michael Clarke Duncan","Planet of the Apes"
"Richard D. Zanuck","Planet of the Apes"
"Pierre Boulle","Planet of the Apes"
"William Broyles Jr.","Planet of the Apes"
"Lawrence Konner","Planet of the Apes"
"Mark Rosenthal","Planet of the Apes"
"David Carradine","Mata Hari"
"Paul Hunt","Mata Hari"
"Gert Brinkers","Mata Hari"
"Calista Carradine","Mata Hari"
"Nikolai van der Heyde","Mata Hari"
"Raf Santana","Mata Hari"
"Annie Carradine","Mata Hari"
"Claudio Bucci","Mata Hari"
"David C. Roehm Sr.",Mort
"Norman Macera",Mort
"Samantha LaFountain",Mort
"Kenny Shapiro",Mort
"Kyle B. Thompson",Mort
"Chasen Charles",Mort
"Janice Strigh",Mort
"Chris Lax",Mort
"Herb Birch",Mort
"Isaiah Showell",Mort
"Alex Cox",Dominator
"Doug Bradley",Dominator
"Liza Goddard",Dominator
"Alan Grant",Dominator
"Peter Haycock",Dominator
"Dani Filth",Dominator
"Jim Brathwaite",Dominator
"Tara Harley",Dominator
"Seera Backhouse",Dominator
"Tony Luke",Dominator
"Stephanie Beacham","Seven Days of Grace"
"Lesley-Anne Down","Seven Days of Grace"
"David Allen Cluck","Seven Days of Grace"
"Don E. FauntLeRoy","Seven Days of Grace"
"Ria Coyne","Seven Days of Grace"
"Peter Evans","Seven Days of Grace"
"Chris Reiss","Seven Days of Grace"
"Michael Werckle","Seven Days of Grace"
"Robert Nashak","Seven Days of Grace"
"William Rohn","Seven Days of Grace"
"C. Ernst Harth","Joe Finds Grace"
"Ron Chartier","Joe Finds Grace"
"Chilton Crane","Joe Finds Grace"
"Anthony Harrison","Joe Finds Grace"
"Ellie Harvie","Joe Finds Grace"
"Ingrid Kenning","Joe Finds Grace"
"John R. Taylor","Joe Finds Grace"
"Jim Wallace","Joe Finds Grace"
"Kevin MacLeod","Joe Finds Grace"
"George Clooney","Intolerable Cruelty"
"Billy Bob Thornton","Intolerable Cruelty"
"Ethan Coen","Intolerable Cruelty"
"Joel Coen","Intolerable Cruelty"
"Geoffrey Rush","Intolerable Cruelty"
"Catherine Zeta-Jones","Intolerable Cruelty"
"Brian Grazer","Intolerable Cruelty"
"Robert Ramsey","Intolerable Cruelty"
"John Romano","Intolerable Cruelty"
"Matthew Stone","Intolerable Cruelty"
"James Beirne","Tangoed Lives"
"Bhakbhume Tanta-Nanta","Tangoed Lives"
"Mariel Hemingway","American Reel"
"David Carradine","American Reel"
"Mark Archer","American Reel"
"Scott Fivelson","American Reel"
"Thom Bishop","American Reel"
"Junior Burke","American Reel"
"Marina Anderson","American Reel"
"Darrell Griffin","American Reel"
"Michael Maloney","American Reel"
"Jordan Rush","American Reel"
"Gerald Brodin","Whispers from a Shallow Grave"
"Ted Newsom","Whispers from a Shallow Grave"
"Trudi Jo Marie Keck","Whispers from a Shallow Grave"
"Dan Ferguson","Whispers from a Shallow Grave"
"Lateefah Devoe","Whispers from a Shallow Grave"
"Gwen Brownson","Whispers from a Shallow Grave"
"Willem Dafoe",Spider-Man
"Kirsten Dunst",Spider-Man
"Sam Raimi",Spider-Man
"Tobey Maguire",Spider-Man
"Ian Bryce",Spider-Man
"Steve Ditko",Spider-Man
"James Franco",Spider-Man
"David Koepp",Spider-Man
"Stan Lee",Spider-Man
"Laura Ziskin",Spider-Man
"Marlon Brando",Naqoyqatsi
"Julia Louis-Dreyfus",Naqoyqatsi
"Philip Glass",Naqoyqatsi
"Elton John",Naqoyqatsi
"Lawrence Taub",Naqoyqatsi
"Joe Beirne",Naqoyqatsi
Belladonna,Naqoyqatsi
"Russell Lee Fine",Naqoyqatsi
"Godfrey Reggio",Naqoyqatsi
"Jon Kane",Naqoyqatsi
"Jon Voight","Lara Croft: Tomb Raider"
"Angelina Jolie","Lara Croft: Tomb Raider"
"Mike Werb","Lara Croft: Tomb Raider"
"Sara B. Cooper","Lara Croft: Tomb Raider"
"Michael Colleary","Lara Croft: Tomb Raider"
"Iain Glen","Lara Croft: Tomb Raider"
"Patrick Massett","Lara Croft: Tomb Raider"
"Noah Taylor","Lara Croft: Tomb Raider"
"Simon West","Lara Croft: Tomb Raider"
"John Zinman","Lara Croft: Tomb Raider"
"Denni O","Swing Set"
"Stephen Wolfe","Swing Set"
"Venus DeLight","Venus Delights"
"Joe Baily","Venus Delights"
"Dan Bootzin","Apartment 12"
"Elizabeth Rivera Bootzin","Apartment 12"
"Denise Brassard","Apartment 12"
"Manuel Cabral","Apartment 12"
"Ellen Fuchida-Hawley","Apartment 12"
"Alan Gelfant","Apartment 12"
"Johannes Hammers","Apartment 12"
"Mark Ruffalo","Apartment 12"
"Beth Ulrich","Apartment 12"
"John Heard","The Secret Pact"
"Lisa Zane","The Secret Pact"
"Adam Frost","The Secret Pact"
"Brian Cameron Fuld","The Secret Pact"
"Rodney Gibbons","The Secret Pact"
"William Lee","The Secret Pact"
"Richard O. Lowry","The Secret Pact"
"Renaud Mathieu","The Secret Pact"
"Rider Strong","The Secret Pact"
"Stefan Wodoslawsky","The Secret Pact"
"Louise Fletcher","After Image"
"Kurt Brabbee","After Image"
"John Cocca","After Image"
"Robert Manganelli","After Image"
"John Mellencamp","After Image"
"Chris Nakis","After Image"
"Tony Schillaci","After Image"
Terrylene,"After Image"
"Richard Tuttobene","After Image"
"Michael Zelniker","After Image"
"Patrick Swayze","One Last Dance"
"Lisa Niemi","One Last Dance"
"Rhonda Baker","One Last Dance"
"Kevin Bernhardt","One Last Dance"
"George De La Pena","One Last Dance"
"Albert J. Dunk","One Last Dance"
"Claudia Finkle","One Last Dance"
"Tim Galvin","One Last Dance"
"Matthew Walker","One Last Dance"
"Stacy Widelitz","One Last Dance"
"Gene Hackman","Behind Enemy Lines"
"Owen Wilson","Behind Enemy Lines"
"John Davis","Behind Enemy Lines"
"Gabriel Macht","Behind Enemy Lines"
"John Moore","Behind Enemy Lines"
"Zak Penn","Behind Enemy Lines"
"Jim Thomas","Behind Enemy Lines"
"John Thomas","Behind Enemy Lines"
"David Veloz","Behind Enemy Lines"
"Charles Malik Whitfield","Behind Enemy Lines"
"JÃƒÂ³zsef RÃƒÂ¡k","Kalotaszeg nagyasszonya"
"ZoltÃƒÂ¡n DÃƒÂ©nes","Kalotaszeg nagyasszonya"
"Sylvester Stallone","Eye See You"
"Charles S. Dutton","Eye See You"
"Kris Kristofferson","Eye See You"
"Ron L. Brinkerhoff","Eye See You"
"Jim Gillespie","Eye See You"
"Karen Kehela Sherwood","Eye See You"
"Ric Kidney","Eye See You"
"John Powell","Eye See You"
"Howard Swindle","Eye See You"
"Polly Walker","Eye See You"
"Cameron Coulter","Duty Dating"
"Lee Everett","Duty Dating"
"Lee Friedlander","Duty Dating"
"Eric Gustavson","Duty Dating"
"Russell j Lyster","Duty Dating"
"Cherry Norris","Duty Dating"
"Paul Satterfield","Duty Dating"
"William Schlueter","Duty Dating"
"Lauren Sinclair","Duty Dating"
"Richard Caliban",Easter
"Barry Del Sherman",Easter
"Brad M. Gilbert",Easter
"Jodie Markell",Easter
"Mark V. Olsen",Easter
"Sean Runnette",Easter
"Will Scheffer",Easter
"Christine K. Walker",Easter
"Max Wright",Easter
"Dominick J. Daniels",Easter
"Michael K. Bucher","False River"
"Stephanie Astalos-Jones","False River"
"Renee Bishop","False River"
"Chad Draper","False River"
"George Faughnan","False River"
"Rex Hauck","False River"
"Eddie Horst","False River"
"Robert A. Nowotny","False River"
"Mike Pniewski","False River"
"Salvator Xuereb","False River"
"Jan Ellis","Final Solution"
"John Kani","Final Solution"
"Vusi Kunene","Final Solution"
"John Sponsler","Final Solution"
"Tom Gire","Final Solution"
"Patricio Corona","Final Solution"
"Cristobal Krusen","Final Solution"
"Gary Wheeler","Final Solution"
"Mike Downie","Final Solution"
"David S. Lee","Final Solution"
"Tom Agnello","The Homeboy"
"Downtown Julie Brown","The Homeboy"
"Benjamin J. Cain Jr.","The Homeboy"
"David Gebroe","The Homeboy"
"Gordon Grinberg","The Homeboy"
"Rick Kronberg","The Homeboy"
"Dave McCrea","The Homeboy"
"Rebecca Shpak","The Homeboy"
"David M. Wallace","The Homeboy"
"Ramona S. Diaz",Imelda
"Imelda Marcos",Imelda
"Ferne Pearlstein",Imelda
"Leah Marino",Imelda
"Grace Nono",Imelda
"Ferdinand Marcos Jr.",Imelda
"Bob Aves",Imelda
"Imee Marcos",Imelda
"Stephen Bosworth",Imelda
"Vincent DOnofrio",Impostor
"Gary Sinise",Impostor
"Madeleine Stowe",Impostor
"Philip K. Dick",Impostor
"Gary Fleder",Impostor
"Scott Rosenberg",Impostor
"Shane Brolly",Impostor
"Caroline Case",Impostor
"Ehren Kruger",Impostor
"David Twohy",Impostor
"Efrem Bergman","Long Lost Love"
"Yuri Biersach","Long Lost Love"
"Kent Burnham","Long Lost Love"
"Peter M. Ervin","Long Lost Love"
"Paul Frederick","Long Lost Love"
"Edgar Garcia","Long Lost Love"
"Tina Horii","Long Lost Love"
"Brett Smith","Long Lost Love"
"Susannah Todd","Long Lost Love"
"Sam Yun","Long Lost Love"
"Matt Beckham","The Prodigy"
"Holt Boggs","The Prodigy"
"Mathew Chaney","The Prodigy"
"Diana Lee Inosanto","The Prodigy"
"William Kaufman","The Prodigy"
"David Rucker","The Prodigy"
"Mark Rutledge","The Prodigy"
"Russell White","The Prodigy"
"Matt Piersall","The Prodigy"
"Glen Vorhis","The Prodigy"
"Sandra Darlene","Silent Screamplay"
"Joe Jagatic","Silent Screamplay"
"Johnny Keatth","Silent Screamplay"
"Shari Kimberlin","Silent Screamplay"
"Miles West","Silent Screamplay"
"Denise Riley","Silent Screamplay"
"David Spence","Silent Screamplay"
"James P. Bennett","Silent Screamplay"
"Jon Riley","Silent Screamplay"
"Ben Kingsley","Spooky House"
"Mercedes Ruehl","Spooky House"
"Jeremy Presner","Spooky House"
"Thomas Burstyn","Spooky House"
"Jason Fuchs","Spooky House"
"Margaret Sachs","Spooky House"
"William Sachs","Spooky House"
"Garry Schyman","Spooky House"
"Ian D. Thomas","Spooky House"
"Matt Weinberg","Spooky House"
"Abel Ferrara","White Boy"
"Alan Roberts","White Boy"
"James Andronica","White Boy"
"Jonathan Avildsen","White Boy"
"Merced Bacon","White Boy"
"Johnny Green","White Boy"
"Lon Magdich","White Boy"
"John Marino","White Boy"
"Shaun Peterson","White Boy"
"Spencer Thornton","White Boy"
"John P. Arnold","Working Stiff"
"Sean Vincent Biggins","Working Stiff"
"Scott DeAngelo","Working Stiff"
"Steve Gentile","Working Stiff"
"Claire Harding","Working Stiff"
"Gregory Joyce","Working Stiff"
"James Noonan","Working Stiff"
"Maia Tamanakis","Working Stiff"
"Paul DAmato","Working Stiff"
"Gernot Roll","Nowhere in Africa"
"Matthias Habich","Nowhere in Africa"
"Peter Herrmann","Nowhere in Africa"
"Juliane KÃƒÂ¶hler","Nowhere in Africa"
"Caroline Link","Nowhere in Africa"
"Merab Ninidze","Nowhere in Africa"
"Sidede Onyulo","Nowhere in Africa"
"Niki Reiser","Nowhere in Africa"
"Patricia Rommel","Nowhere in Africa"
"Stefanie Zweig","Nowhere in Africa"
"Steve Buscemi","Ghost World"
"Thora Birch","Ghost World"
"John Malkovich","Ghost World"
"Brad Renfro","Ghost World"
"Daniel Clowes","Ghost World"
"Lianne Halfon","Ghost World"
"Scarlett Johansson","Ghost World"
"David Kitay","Ghost World"
"Russell Smith","Ghost World"
"Terry Zwigoff","Ghost World"
"Daniel Baldwin","Net Worth"
"Craig Sheffer","Net Worth"
"Michael Baker","Net Worth"
"Todd Field","Net Worth"
"Cerise Fukuji","Net Worth"
"Kenny Griswold","Net Worth"
"Bill Kerig","Net Worth"
"David Lawrence","Net Worth"
"Michael T. Weiss","Net Worth"
"Kris Wiseman McIntyre","Net Worth"
"GÃƒÂ©rard Depardieu","City of Ghosts"
"Matt Dillon","City of Ghosts"
"James Caan","City of Ghosts"
"Natascha McElhone","City of Ghosts"
"Jim Denault","City of Ghosts"
"Tyler Bates","City of Ghosts"
"Willi BÃƒÂ¤r","City of Ghosts"
"Michael Cerenzie","City of Ghosts"
"Barry Gifford","City of Ghosts"
"Deepak Nayar","City of Ghosts"
"Mary-Louise Parker","Pipe Dream"
"Anthony Arkin","Pipe Dream"
"Mike Curb","Pipe Dream"
"Martin Donovan","Pipe Dream"
"Cynthia Kaplan","Pipe Dream"
"Alex Lasarenko","Pipe Dream"
"Carole Curb Nemoy","Pipe Dream"
"Sally Roy","Pipe Dream"
"Marla Sucharetza","Pipe Dream"
"John Walsh","Pipe Dream"
"GÃƒÂ©rard Depardieu",Vidocq
"Bruno Coulais",Vidocq
"Guillaume Canet",Vidocq
"AndrÃƒÂ© Dussollier",Vidocq
"Dominique Farrugia",Vidocq
"Jean-Christophe GrangÃƒÂ©",Vidocq
Pitof,Vidocq
"InÃƒÂ©s Sastre",Vidocq
"Jean-Pierre Sauvaire",Vidocq
"FranÃƒÂ§ois-EugÃƒÂ¨ne Vidocq",Vidocq
"Jared Leto",Highway
"Scott Rosenberg",Highway
"Selma Blair",Highway
"Michel Amathieu",Highway
"James Cox",Highway
"Mauro Fiore",Highway
"Jake Gyllenhaal",Highway
"Kimberley Kates",Highway
"Guy Riedel",Highway
"Craig Wood",Highway
"Laura Dern","Daddy and Them"
"Kelly Preston","Daddy and Them"
"Billy Bob Thornton","Daddy and Them"
"Diane Ladd","Daddy and Them"
"Marty Stuart","Daddy and Them"
"Robert Salerno","Daddy and Them"
"Geyer Kosinski","Daddy and Them"
"Larry Meistrich","Daddy and Them"
"Larry Paxton","Daddy and Them"
"Kristin Wilkinson","Daddy and Them"
"Jamie Sinsz","Still Life"
"Natalie Roers","Still Life"
"Mike Flanagan","Still Life"
"Nathaniel Starck","Still Life"
"George Wielechowski","Still Life"
"Zak Jeffries","Still Life"
"Michael Caloia","Still Life"
"Bridget Fonda",Monkeybone
"Brendan Fraser",Monkeybone
"John Turturro",Monkeybone
"Anne Dudley",Monkeybone
"Michael Barnathan",Monkeybone
"Kaja Blackley",Monkeybone
"Sam Hamm",Monkeybone
"Chris Kattan",Monkeybone
"Mark Radcliffe",Monkeybone
"Henry Selick",Monkeybone
"Marcos Caruso","Posthumous Memories"
"Machado de Assis","Posthumous Memories"
"Reginaldo Faria","Posthumous Memories"
"Pedro Farkas","Posthumous Memories"
"Petronio Gontijo","Posthumous Memories"
"AndrÃƒÂ© Klotzel","Posthumous Memories"
"Beto Mainieri","Posthumous Memories"
"MÃƒÂ¡rio Manga","Posthumous Memories"
"Stepan Nercessian","Posthumous Memories"
"JosÃƒÂ© Roberto Torero","Posthumous Memories"
"Paulo Branco","ViÃƒÂºva Rica Solteira NÃƒÂ£o Fica"
"Bianca Byington","ViÃƒÂºva Rica Solteira NÃƒÂ£o Fica"
"Cucha Carvalheiro","ViÃƒÂºva Rica Solteira NÃƒÂ£o Fica"
"JosÃƒÂ© Fanha","ViÃƒÂºva Rica Solteira NÃƒÂ£o Fica"
"JosÃƒÂ© Fonseca e Costa","ViÃƒÂºva Rica Solteira NÃƒÂ£o Fica"
"JosÃƒÂ© Raposo","ViÃƒÂºva Rica Solteira NÃƒÂ£o Fica"
"RogÃƒÂ©rio Samora","ViÃƒÂºva Rica Solteira NÃƒÂ£o Fica"
"MÃƒÂ¡rio de Carvalho","ViÃƒÂºva Rica Solteira NÃƒÂ£o Fica"
"JoÃƒÂ£o ConstÃƒÂ¢ncio","ViÃƒÂºva Rica Solteira NÃƒÂ£o Fica"
"Augusto Sobral","ViÃƒÂºva Rica Solteira NÃƒÂ£o Fica"
"David Lynch","Mulholland Dr."
"Laura Harring","Mulholland Dr."
"Jeanne Bates","Mulholland Dr."
"Neal Edelstein","Mulholland Dr."
"Tony Krantz","Mulholland Dr."
"Michael Polaire","Mulholland Dr."
"Alain Sarde","Mulholland Dr."
"Mary Sweeney","Mulholland Dr."
"Justin Theroux","Mulholland Dr."
"Naomi Watts","Mulholland Dr."
"James Woods","Race to Space"
"Annabeth Gish","Race to Space"
"William Atherton","Race to Space"
"David Brookwell","Race to Space"
"John Coda","Race to Space"
"Glenn Greene","Race to Space"
"Alex D. Linz","Race to Space"
"Sean McNamara","Race to Space"
"Steven H. Wilson","Race to Space"
"Eric Gardner","Race to Space"
"Bill Paxton",Thunderbirds
"Anthony Edwards",Thunderbirds
"Jonathan Frakes",Thunderbirds
"Ben Kingsley",Thunderbirds
"Gerry Anderson",Thunderbirds
"Sylvia Anderson",Thunderbirds
"Peter Hewitt",Thunderbirds
"Michael McCullers",Thunderbirds
"William Osborne",Thunderbirds
"Brady Corbet",Thunderbirds
"Vincent Schiavelli",Baggage
"M. Emmet Walsh",Baggage
"Matthew Irving",Baggage
"Evan Aaronson",Baggage
"Duncan Burns",Baggage
"Injae Choe",Baggage
"Mariette Hartley",Baggage
"Michael R. Morris",Baggage
"Nya Patrinos",Baggage
"Camille Solari",Baggage
"Antonietta de Lillo","Il resto di niente"
"Maria de Medeiros","Il resto di niente"
"Amedeo Letizia","Il resto di niente"
"Mariella Li Sacchi","Il resto di niente"
"Giuseppe Rocca","Il resto di niente"
"Laura Sabatino","Il resto di niente"
"Enzo Striano","Il resto di niente"
"Imma Villa","Il resto di niente"
"Rosario Sparno","Il resto di niente"
"Raffaele Di Florio","Il resto di niente"
"Heikki Ahonius","The Life of Aleksis Kivi"
"Jari Halonen","The Life of Aleksis Kivi"
"Tuomas Kantelinen","The Life of Aleksis Kivi"
"Karoliina Kudjoi","The Life of Aleksis Kivi"
"Margit Lindeman","The Life of Aleksis Kivi"
"Kauko RÃƒÂ¶yhkÃƒÂ¤","The Life of Aleksis Kivi"
"Jari Salmi","The Life of Aleksis Kivi"
"Marko Tiusanen","The Life of Aleksis Kivi"
"Jorma Tommila","The Life of Aleksis Kivi"
"Olli Varja","The Life of Aleksis Kivi"
"Tommy Faircloth","Generation Ax"
"Brian Kelly","Generation Ax"
"Marina Morgan","Generation Ax"
"Jennifer Peluso","Generation Ax"
"Wade Sellers","Generation Ax"
"Jason Gambrell","Generation Ax"
"James Rauch","Generation Ax"
"Les Fesperman","Generation Ax"
"Robert Hall","Generation Ax"
"Peter Golub","Play Dead"
"Romeo Antonio","Play Dead"
"Nathan Bexton","Play Dead"
"Jeff Jenkins","Play Dead"
"Gary Kohn","Play Dead"
"Sherrie Rose","Play Dead"
"Tino Sage","Play Dead"
"Jessica D. Stone","Play Dead"
"Robert Tisdale","Play Dead"
"Diva Zappa","Play Dead"
"Jason Priestley",Zigs
"Byron Werner",Zigs
"Peter Dobson",Zigs
"Doug Klein",Zigs
"Micha Liberman",Zigs
"Mars Callahan",Zigs
"Andrew Molina",Zigs
"Christopher C. Pearson",Zigs
"Kane Picoy",Zigs
"Orien Richman",Zigs
"Yvette Biro","The Stone Raft"
"IcÃƒÂ­ar BollaÃƒÂ­n","The Stone Raft"
"Gabino Diego","The Stone Raft"
"Jan Dop","The Stone Raft"
"Goert Giltay","The Stone Raft"
"Federico Luppi","The Stone Raft"
"Ana PadrÃƒÂ£o","The Stone Raft"
"JosÃƒÂ© Saramago","The Stone Raft"
"George Sluizer","The Stone Raft"
"Henny Vrienten","The Stone Raft"
"ZoltÃƒÂ¡n BacsÃƒÂ³","The Tragedy of Man"
"PÃƒÂ©ter BenkÃƒÂ¶","The Tragedy of Man"
"ÃƒÂgnes Bertalan","The Tragedy of Man"
"PÃƒÂ©ter BlaskÃƒÂ³","The Tragedy of Man"
"Marcell Jankovics","The Tragedy of Man"
"LÃƒÂ¡szlÃƒÂ³ SÃƒÂ¡ry","The Tragedy of Man"
"BorbÃƒÂ¡la Mezei","The Tragedy of Man"
"Imre MadÃƒÂ¡ch","The Tragedy of Man"
"Gyula BalÃƒÂ¡zsi","The Tragedy of Man"
"KÃƒÂ¡rolynÃƒÂ© Koncz","The Tragedy of Man"
"Christopher Lloyd","Kids World"
"Dale G. Bradley","Kids World"
"Grant Bradley","Kids World"
"Neil Cervin","Kids World"
"Todd Emerson","Kids World"
"Blake Foster","Kids World"
"Michael Lach","Kids World"
"Bruce Lynch","Kids World"
"Michael Purvis","Kids World"
"Tom Taylor","Kids World"
"JÃƒÂ¼rgen JÃƒÂ¼rges","Geliebte Clara"
"Nicole-Lise Bernheim","Geliebte Clara"
"Isabelle Devinck","Geliebte Clara"
"Martina Gedeck","Geliebte Clara"
"Pascal Greggory","Geliebte Clara"
"Alfred HÃƒÂ¼rmer","Geliebte Clara"
"Helma Sanders-Brahms","Geliebte Clara"
"Colo Tavernier","Geliebte Clara"
"Malik Zidi","Geliebte Clara"
"Aline Annessy","Geliebte Clara"
"Fatih Akin","Kebab Connection"
"Jan Berger","Kebab Connection"
"Emanuel Bettencourt","Kebab Connection"
"Denis Moschitto","Kebab Connection"
"Anno Saul","Kebab Connection"
"Stefan Schubert","Kebab Connection"
"Ralph Schwingel","Kebab Connection"
"Ruth Toma","Kebab Connection"
"Nora Tschirner","Kebab Connection"
"Numan Acar","Kebab Connection"
"David Faustino","Killer Bud"
"Corin Nemec","Killer Bud"
"Greg DePaul","Killer Bud"
"Ellen Fontana","Killer Bud"
"Danielle Harris","Killer Bud"
"Karl T. Hirsch","Killer Bud"
"Caroline Keenan","Killer Bud"
"Russ Landau","Killer Bud"
"Richard Mann","Killer Bud"
"Hank Nelken","Killer Bud"
"Cameron Diaz","The Invisible Circus"
"Blythe Danner","The Invisible Circus"
"Christopher Eccleston","The Invisible Circus"
"Henry Braham","The Invisible Circus"
"Jordana Brewster","The Invisible Circus"
"Adam Brooks","The Invisible Circus"
"Julia Chasman","The Invisible Circus"
"Jennifer Egan","The Invisible Circus"
"Nick Laird-Clowes","The Invisible Circus"
"Nick Wechsler","The Invisible Circus"
"Byron Werner","The Midnight Hour"
"Byron Bay","The Midnight Hour"
"Emmanuel Itier","The Midnight Hour"
"Stephen Johnston","The Midnight Hour"
"Scarlett Pettyjohn","The Midnight Hour"
"William Richter","The Midnight Hour"
"Amber Smith","The Midnight Hour"
"Erik Tomakin","The Midnight Hour"
"Erika Michaels","The Midnight Hour"
"L. Clyde Irvine","The Midnight Hour"
"Stephen Lang","The Proposal"
"Joseph Conlan","The Proposal"
"Mike Curb","The Proposal"
"William B. Davis","The Proposal"
"Jennifer Esposito","The Proposal"
"Richard Gale","The Proposal"
"Maurice Hurley","The Proposal"
"Harvey Kahn","The Proposal"
"Nick Moran","The Proposal"
"Carole Curb Nemoy","The Proposal"
"Robert De Niro","15 Minutes"
"Avery Brooks","15 Minutes"
"Kelsey Grammer","15 Minutes"
"J. Peter Robinson","15 Minutes"
"Keith Addis","15 Minutes"
"David Blocker","15 Minutes"
"Edward Burns","15 Minutes"
"John Herzfeld","15 Minutes"
"Anthony Marinelli","15 Minutes"
"Nick Wechsler","15 Minutes"
"Eddie Murphy","The Adventures of Pluto Nash"
"Jay Mohr","The Adventures of Pluto Nash"
"Randy Quaid","The Adventures of Pluto Nash"
"Martin Bregman","The Adventures of Pluto Nash"
"Michael Bregman","The Adventures of Pluto Nash"
"Neil Cuthbert","The Adventures of Pluto Nash"
"Rosario Dawson","The Adventures of Pluto Nash"
"John Powell","The Adventures of Pluto Nash"
"Louis A. Stroller","The Adventures of Pluto Nash"
"Ron Underwood","The Adventures of Pluto Nash"
"Shlomo Abecassis","Understanding Jane"
"Caleb Lindsay","Understanding Jane"
"Christian Koerner","Understanding Jane"
"Kevin McKidd","Understanding Jane"
"Louisa Milwood-Haigh","Understanding Jane"
"Jim Mummery","Understanding Jane"
"Daniel M. San","Understanding Jane"
"John Simm","Understanding Jane"
"Amelia Curtis","Understanding Jane"
"Charlotte Coleman",Bodywork
"Gareth Rhys Jones",Bodywork
"Dusan Kojic",Bodywork
"Srdjan Kurpjel",Bodywork
"Hans Matheson",Bodywork
"Richard McGill",Bodywork
"Beth Winslet",Bodywork
"Thomas WÃƒÂ¼thrich",Bodywork
"Wendy Cooper",Bodywork
"Black Tooth",Bodywork
"Scott Sterling","Crossing the Rubicon"
"Grant Olson","Crossing the Rubicon"
"Rod Mehrtens","Crossing the Rubicon"
"Jay Dearborn","Crossing the Rubicon"
"Gini King-Taylor","Crossing the Rubicon"
"Larry Bottjen","Crossing the Rubicon"
"Andrew Goodwin","Crossing the Rubicon"
"Steve Cuthbert","Crossing the Rubicon"
"Elizabeth Hanson","Crossing the Rubicon"
"Greta Banning","Crossing the Rubicon"
"Tom Cruise","Minority Report"
"Steven Spielberg","Minority Report"
"Jan de Bont","Minority Report"
"Philip K. Dick","Minority Report"
"Max von Sydow","Minority Report"
"Jon Cohen","Minority Report"
"Bonnie Curtis","Minority Report"
"Colin Farrell","Minority Report"
"Scott Frank","Minority Report"
"Samantha Morton","Minority Report"
"Laurence Fishburne","Osmosis Jones"
"David Hyde Pierce","Osmosis Jones"
"Chris Rock","Osmosis Jones"
"Brandy Norwood","Osmosis Jones"
"Dennis Edwards","Osmosis Jones"
"Bobby Farrelly","Osmosis Jones"
"Peter Farrelly","Osmosis Jones"
"Marc Hyman","Osmosis Jones"
"Zak Penn","Osmosis Jones"
"Bradley Thomas","Osmosis Jones"
"Judd Nelson","The Cure for Boredom"
"Seymour Cassel","The Cure for Boredom"
"Michael S. Murphey","The Cure for Boredom"
"Brad Grunberg","The Cure for Boredom"
"Sunda Croonquist","The Cure for Boredom"
"James Harris","The Cure for Boredom"
"Zoran HochstÃƒÂ¤tter","The Cure for Boredom"
"Gigi Meroni","The Cure for Boredom"
"Ruben Preuss","The Cure for Boredom"
"Miguel Tejada-Flores","The Cure for Boredom"
"Richard Chamberlain","The Pavilion"
"Patsy Kensit","The Pavilion"
"Craig Sheffer","The Pavilion"
"Mark Putnam","The Pavilion"
"David A. Goodman","The Pavilion"
"Jack C. Merrick","The Pavilion"
"C. Grant Mitchell","The Pavilion"
"Daniel Riordan","The Pavilion"
"Robert Louis Stevenson","The Pavilion"
"Richard Ziegler","The Pavilion"
"Kiefer Sutherland","Phone Booth"
"Joel Schumacher","Phone Booth"
"Forest Whitaker","Phone Booth"
"David Zucker","Phone Booth"
"Harry Gregson-Williams","Phone Booth"
"Larry Cohen","Phone Booth"
"Colin Farrell","Phone Booth"
"Matthew Libatique","Phone Booth"
"Radha Mitchell","Phone Booth"
"Gil Netter","Phone Booth"
"David Ackert",Maryam
"Shohreh Aghdashloo",Maryam
"Petra Barchi",Maryam
"Maz Jobrani",Maryam
"Gary Levy",Maryam
"Shauna Lyon",Maryam
"Ahrin Mishan",Maryam
"Mariam Parris",Maryam
"Ramin Serry",Maryam
"Shaun Toub",Maryam
"William Shakespeare",O
"Martin Sheen",O
"Josh Hartnett",O
"Mekhi Phifer",O
"Julia Stiles",O
"Daniel Fried",O
"Eric Gitter",O
"Brad Kaaya",O
"Tim Blake Nelson",O
"Anthony Rhulen",O
"Daryl Hannah","Cowboy Up"
"Pete Postlethwaite","Cowboy Up"
"Kiefer Sutherland","Cowboy Up"
"Xavier Koller","Cowboy Up"
"Daniel Licht","Cowboy Up"
"Al Corley","Cowboy Up"
"Eugene Musso","Cowboy Up"
"James Redford","Cowboy Up"
"Bart Rosenblatt","Cowboy Up"
"Marcus Thomas","Cowboy Up"
"Gulshan Grover","Meri Biwi Ka Jawab Nahin"
Sridevi,"Meri Biwi Ka Jawab Nahin"
"Basheer Ali","Meri Biwi Ka Jawab Nahin"
"Laxmikant Berde","Meri Biwi Ka Jawab Nahin"
"Laxmikant Shantaram Kudalkar","Meri Biwi Ka Jawab Nahin"
"Akshay Kumar","Meri Biwi Ka Jawab Nahin"
