id,name,birthYear
148258830,asdf,NULL
nm0000001,"Fred Astaire",1899
nm0000008,"Marlon Brando",1924
nm0000017,"Marlene Dietrich",1901
nm0000018,"Kirk Douglas",1916
nm0000032,"Charlton Heston",1923
nm0000035,"James Horner",1953
nm0000041,"Akira Kurosawa",1910
nm0000056,"Paul Newman",1925
nm0000062,"Elvis Presley",1935
nm0000063,"Anthony Quinn",1915
nm0000083,"Alan Miller",NULL
nm0000084,"Li Gong",1965
nm0000090,"Armin Mueller-Stahl",1930
nm0000091,"GÃƒÂ©rard PirÃƒÂ¨s",1942
nm0000092,"John Cleese",1939
nm0000093,"Brad Pitt",1963
nm0000095,"Woody Allen",1935
nm0000097,"Pamela Anderson",1967
nm0000098,"Jennifer Aniston",1969
nm0000099,"Patricia Arquette",1968
nm0000100,"Rowan Atkinson",1955
nm0000101,"Dan Aykroyd",1952
nm0000102,"Kevin Bacon",1958
nm0000103,"Fairuza Balk",1974
nm0000104,"Antonio Banderas",1960
nm0000105,"Adrienne Barbeau",1945
nm0000106,"Drew Barrymore",1975
nm0000107,"Kim Basinger",1953
nm0000108,"Luc Besson",1959
nm0000110,"Kenneth Branagh",1960
nm0000111,"Matthew Broderick",1962
nm0000112,"Pierce Brosnan",1953
nm0000113,"Sandra Bullock",1964
nm0000114,"Steve Buscemi",1957
nm0000115,"Nicolas Cage",1964
nm0000116,"James Cameron",1954
nm0000117,"Neve Campbell",1973
nm0000118,"John Carpenter",1948
nm0000119,"Tia Carrere",1967
nm0000120,"Jim Carrey",1962
nm0000121,"Phoebe Cates",1963
nm0000123,"George Clooney",1961
nm0000124,"Jennifer Connelly",1970
nm0000126,"Kevin Costner",1955
nm0000127,"Wes Craven",1939
nm0000128,"Russell Crowe",1964
nm0000129,"Tom Cruise",1962
nm0000130,"Jamie Lee Curtis",1958
nm0000131,"John Cusack",1966
nm0000132,"Claire Danes",1979
nm0000133,"Geena Davis",1956
nm0000134,"Robert De Niro",1943
nm0000136,"Johnny Depp",1963
nm0000137,"Bo Derek",1956
nm0000138,"Leonardo DiCaprio",1974
nm0000139,"Cameron Diaz",1972
nm0000140,"Michael Douglas",1944
nm0000141,"David Duchovny",1960
nm0000142,"Clint Eastwood",1930
nm0000143,"Erika Eleniak",1969
nm0000145,"Sherilyn Fenn",1965
nm0000146,"Ralph Fiennes",1962
nm0000147,"Colin Firth",1960
nm0000148,"Harrison Ford",1942
nm0000149,"Jodie Foster",1962
nm0000150,"Michael J. Fox",1961
nm0000151,"Morgan Freeman",1937
nm0000152,"Richard Gere",1949
nm0000153,"Gina Gershon",1962
nm0000154,"Mel Gibson",1956
nm0000155,"Whoopi Goldberg",1955
nm0000156,"Jeff Goldblum",1952
nm0000157,"Linda Hamilton",1956
nm0000158,"Tom Hanks",1956
nm0000159,"Teri Hatcher",1964
nm0000160,"Ethan Hawke",1970
nm0000161,"Salma Hayek",1966
nm0000162,"Anne Heche",1969
nm0000163,"Dustin Hoffman",1937
nm0000164,"Anthony Hopkins",1937
nm0000165,"Ron Howard",1954
nm0000166,"Helen Hunt",1963
nm0000167,"Elizabeth Hurley",1965
nm0000168,"Samuel L. Jackson",1948
nm0000169,"Tommy Lee Jones",1946
nm0000170,"Milla Jovovich",1975
nm0000171,"Ashley Judd",1968
nm0000172,"Harvey Keitel",1939
nm0000173,"Nicole Kidman",1967
nm0000174,"Val Kilmer",1959
nm0000175,"Stephen King",1947
nm0000176,"Nastassja Kinski",1961
nm0000177,"Kevin Kline",1947
nm0000178,"Diane Lane",1965
nm0000179,"Jude Law",1972
nm0000182,"Jennifer Lopez",1969
nm0000183,"Traci Lords",1968
nm0000185,"Dolph Lundgren",1957
nm0000186,"David Lynch",1946
nm0000187,Madonna,1958
nm0000188,"Steve Martin",1945
nm0000189,"Jenny McCarthy",1972
nm0000190,"Matthew McConaughey",1969
nm0000191,"Ewan McGregor",1971
nm0000193,"Demi Moore",1962
nm0000194,"Julianne Moore",1960
nm0000195,"Bill Murray",1950
nm0000196,"Mike Myers",1963
nm0000197,"Jack Nicholson",1937
nm0000198,"Gary Oldman",1958
nm0000199,"Al Pacino",1940
nm0000200,"Bill Paxton",1955
nm0000201,"Michelle Pfeiffer",1958
nm0000202,"Ryan Phillippe",1974
nm0000204,"Natalie Portman",1981
nm0000205,"Parker Posey",1968
nm0000206,"Keanu Reeves",1964
nm0000207,"Christina Ricci",1980
nm0000209,"Tim Robbins",1958
nm0000210,"Julia Roberts",1967
nm0000211,"Mimi Rogers",1956
nm0000213,"Winona Ryder",1971
nm0000214,"Mia Sara",1967
nm0000215,"Susan Sarandon",1946
nm0000216,"Arnold Schwarzenegger",1947
nm0000217,"Martin Scorsese",1942
nm0000218,"Kristin Scott Thomas",1960
nm0000219,"Steven Seagal",1952
nm0000221,"Charlie Sheen",1965
nm0000223,"Elisabeth Shue",1963
nm0000224,"Alicia Silverstone",1976
nm0000225,"Christian Slater",1969
nm0000226,"Will Smith",1968
nm0000227,"Mira Sorvino",1967
nm0000228,"Kevin Spacey",1959
nm0000229,"Steven Spielberg",1946
nm0000230,"Sylvester Stallone",1946
nm0000231,"Oliver Stone",1946
nm0000232,"Sharon Stone",1958
nm0000233,"Quentin Tarantino",1963
nm0000234,"Charlize Theron",1975
nm0000235,"Uma Thurman",1970
nm0000236,"Jennifer Tilly",1958
nm0000237,"John Travolta",1954
nm0000239,"Liv Tyler",1977
nm0000241,"Jean-Claude Van Damme",1960
nm0000242,"Mark Wahlberg",1971
nm0000243,"Denzel Washington",1954
nm0000244,"Sigourney Weaver",1949
nm0000245,"Robin Williams",1951
nm0000246,"Bruce Willis",1955
nm0000249,"James Woods",1947
nm0000250,"RenÃƒÂ©e Zellweger",1969
nm0000251,"Timothy Dowling",1973
nm0000255,"Ben Affleck",1972
nm0000257,"Alan Alda",1936
nm0000260,"Joan Allen",1956
nm0000263,"Kirstie Alley",1951
nm0000265,"Robert Altman",1925
nm0000266,"Ursula Andress",1936
nm0000267,"Julie Andrews",1935
nm0000269,"Jean-Jacques Annaud",1943
nm0000270,"Gabrielle Anwar",1970
nm0000271,"Anne Archer",1947
nm0000272,"Fanny Ardant",1949
nm0000273,"Alan Arkin",1934
nm0000274,"David Arquette",1971
nm0000275,"Rosanna Arquette",1959
nm0000276,"Sean Astin",1971
nm0000277,"Richard Attenborough",1923
nm0000278,"Pernilla August",1958
nm0000279,"Hank Azaria",1964
nm0000281,"Scott Baio",1960
nm0000282,"Scott Bairstow",1970
nm0000283,"Brenda Bakke",1963
nm0000284,"Adam Baldwin",1962
nm0000285,"Alec Baldwin",1958
nm0000286,"Stephen Baldwin",1966
nm0000287,"William Baldwin",1963
nm0000288,"Christian Bale",1974
nm0000289,"Ellen Barkin",1954
nm0000291,"Angela Bassett",1958
nm0000293,"Sean Bean",1959
nm0000295,"Kate Beckinsale",1973
nm0000297,"Tom Berenger",1949
nm0000298,"Candice Bergen",1946
nm0000299,"Michael Biehn",1956
nm0000300,"Juliette Binoche",1964
nm0000301,"Thora Birch",1982
nm0000307,"Helena Bonham Carter",1966
nm0000308,"Ernest Borgnine",1917
nm0000309,"David Bowie",1947
nm0000310,"Bruce Boxleitner",1950
nm0000312,"Amy Brenneman",1964
nm0000313,"Jeff Bridges",1949
nm0000316,"Mel Brooks",1926
nm0000317,"Clancy Brown",1959
nm0000318,"Tim Burton",1958
nm0000319,"Yancy Butler",1970
nm0000321,"Gabriel Byrne",1950
nm0000322,"Emmanuelle BÃƒÂ©art",1963
nm0000323,"Michael Caine",1933
nm0000325,"David Caruso",1956
nm0000327,"Lacey Chabert",1982
nm0000328,"Richard Chamberlain",1934
nm0000329,"Jackie Chan",1954
nm0000330,"Stockard Channing",1944
nm0000331,"Chevy Chase",1943
nm0000332,"Don Cheadle",1964
nm0000333,Cher,1946
nm0000334,"Yun-Fat Chow",1955
nm0000335,"Glenn Close",1947
nm0000336,"James Coburn",1928
nm0000337,"Rachael Leigh Cook",1979
nm0000338,"Francis Ford Coppola",1939
nm0000339,"Roger Corman",1926
nm0000341,"Michael Crichton",1942
nm0000342,"James Cromwell",1940
nm0000343,"David Cronenberg",1943
nm0000345,"Billy Crystal",1948
nm0000347,"Tim Curry",1946
nm0000349,"Joan Cusack",1962
nm0000350,"Beverly DAngelo",1951
nm0000351,"Donna DErrico",1968
nm0000352,"Vincent DOnofrio",1959
nm0000353,"Willem Dafoe",1955
nm0000354,"Matt Damon",1970
nm0000358,"Daniel Day-Lewis",1957
nm0000360,"Rebecca De Mornay",1959
nm0000361,"Brian De Palma",1940
nm0000362,"Danny DeVito",1944
nm0000363,"Loren Dean",1969
nm0000365,"Julie Delpy",1969
nm0000366,"Catherine Deneuve",1943
nm0000367,"GÃƒÂ©rard Depardieu",1948
nm0000368,"Laura Dern",1967
nm0000369,"Matt Dillon",1964
nm0000371,"Ami Dolenz",1969
nm0000372,"Amanda Donohoe",1962
nm0000374,"Brad Dourif",1950
nm0000375,"Robert Downey Jr.",1965
nm0000378,"Minnie Driver",1970
nm0000379,"Kirsten Dunst",1982
nm0000380,"Robert Duvall",1931
nm0000381,"Anthony Edwards",1962
nm0000382,"Atom Egoyan",1960
nm0000383,"Jennifer Ehle",1969
nm0000384,"Danny Elfman",1953
nm0000385,"Sam Elliott",1944
nm0000386,"Roland Emmerich",1955
nm0000387,"Robert Englund",1947
nm0000389,"Emilio Estevez",1962
nm0000390,"Joe Eszterhas",1944
nm0000391,"Rupert Everett",1959
nm0000393,"Peter Falk",1927
nm0000397,"Corey Feldman",1971
nm0000398,"Sally Field",1946
nm0000399,"David Fincher",1962
nm0000401,"Laurence Fishburne",1961
nm0000403,"Bridget Fonda",1964
nm0000407,"Vivica A. Fox",1964
nm0000408,"Jonathan Frakes",1952
nm0000409,"Brendan Fraser",1968
nm0000410,"Stephen Fry",1957
nm0000411,"Edward Furlong",1977
nm0000412,"Andy Garcia",1956
nm0000413,"Janeane Garofalo",1964
nm0000416,"Terry Gilliam",1940
nm0000417,"Crispin Glover",1964
nm0000418,"Danny Glover",1946
nm0000419,"Jean-Luc Godard",1930
nm0000420,"Valeria Golino",1965
nm0000421,"Cuba Gooding Jr.",1968
nm0000422,"John Goodman",1952
nm0000425,"Peter Greenaway",1942
nm0000427,"Pam Grier",1949
nm0000429,"Melanie Griffith",1957
nm0000430,"Steve Guttenberg",1958
nm0000432,"Gene Hackman",1930
nm0000433,"Corey Haim",1971
nm0000435,"Daryl Hannah",1960
nm0000436,"Curtis Hanson",1945
nm0000437,"Woody Harrelson",1961
nm0000438,"Ed Harris",1950
nm0000440,"Nina Hartley",1959
nm0000442,"Rutger Hauer",1944
nm0000443,"Goldie Hawn",1945
nm0000444,"Glenne Headly",1955
nm0000446,"Mariel Hemingway",1961
nm0000448,"Lance Henriksen",1940
nm0000449,"Natasha Henstridge",1974
nm0000450,"Philip Seymour Hoffman",1967
nm0000452,"Lauren Holly",1963
nm0000453,"Ian Holm",1931
nm0000454,"Dennis Hopper",1936
nm0000456,"Holly Hunter",1958
nm0000457,"John Hurt",1940
nm0000458,"William Hurt",1950
nm0000459,"Timothy Hutton",1960
nm0000460,"Jeremy Irons",1948
nm0000461,"Michael Ironside",1950
nm0000462,"Kate Jackson",1948
nm0000463,"Famke Janssen",1964
nm0000464,"Jim Jarmusch",1953
nm0000465,"Ron Jeremy",1953
nm0000466,"Jean-Pierre Jeunet",1953
nm0000470,"Jeffrey Jones",1946
nm0000473,"Diane Keaton",1946
nm0000474,"Michael Keaton",1951
nm0000475,"Patsy Kensit",1968
nm0000476,"Sally Kirkland",1941
nm0000477,"Mia Kirshner",1975
nm0000480,"Elias Koteas",1961
nm0000481,"Alice Krige",1954
nm0000483,"Christopher Lambert",1957
nm0000485,"Fritz Lang",1890
nm0000487,"Ang Lee",1954
nm0000490,"Spike Lee",1957
nm0000491,"John Leguizamo",1964
nm0000492,"Jennifer Jason Leigh",1962
nm0000494,"Robert Sean Leonard",1969
nm0000495,"TÃƒÂ©a Leoni",1966
nm0000496,"Juliette Lewis",1973
nm0000498,"Matthew Lillard",1970
nm0000499,"Bai Ling",1966
nm0000500,"Richard Linklater",1960
nm0000501,"Ray Liotta",1954
nm0000502,"Christopher Lloyd",1938
nm0000505,"Nia Long",1970
nm0000506,"Julia Louis-Dreyfus",1961
nm0000510,"Andie MacDowell",1958
nm0000511,"Shirley MacLaine",1934
nm0000513,"William H. Macy",1950
nm0000514,"Michael Madsen",1957
nm0000515,"Virginia Madsen",1961
nm0000517,"Terrence Malick",1943
nm0000518,"John Malkovich",1953
nm0000519,"David Mamet",1947
nm0000520,"Michael Mann",1943
nm0000522,"Vanessa Marcil",1968
nm0000523,"Julianna Margulies",1966
nm0000524,"Mary Stuart Masterson",1966
nm0000525,"Heather Matarazzo",1982
nm0000526,"Samantha Mathis",1970
nm0000529,"Debi Mazar",1964
nm0000530,"Andrew McCarthy",1962
nm0000531,"Frances McDormand",1957
nm0000532,"Malcolm McDowell",1943
nm0000534,"Kelly McGillis",1957
nm0000535,"Rose McGowan",1973
nm0000538,"Colm Meaney",1953
nm0000539,"Dina Meyer",1968
nm0000541,"Bette Midler",1945
nm0000545,"Helen Mirren",1945
nm0000546,"Matthew Modine",1959
nm0000547,"Alfred Molina",1953
nm0000551,"Dermot Mulroney",1963
nm0000552,"Eddie Murphy",1961
nm0000553,"Liam Neeson",1952
nm0000554,"Sam Neill",1947
nm0000555,"Judd Nelson",1959
nm0000560,"Nick Nolte",1941
nm0000562,"Jeremy Northam",1961
nm0000563,"Chris ODonnell",1970
nm0000564,"Peter OToole",1932
nm0000565,"Lena Olin",1955
nm0000568,"Frank Oz",1944
nm0000569,"Gwyneth Paltrow",1972
nm0000570,"Alan Parker",1944
nm0000571,"Mary-Louise Parker",1964
nm0000572,"Sarah Jessica Parker",1965
nm0000573,"Dolly Parton",1946
nm0000574,"Jason Patric",1966
nm0000575,"Alexandra Paul",1963
nm0000576,"Sean Penn",1960
nm0000579,"Ron Perlman",1950
nm0000580,"Luke Perry",1966
nm0000585,"Robert Picardo",1953
nm0000586,"Jada Pinkett Smith",1971
nm0000590,"Edgar Allan Poe",1809
nm0000591,"Roman Polanski",1933
nm0000592,"Pete Postlethwaite",1946
nm0000593,"Kelly Preston",1962
nm0000594,"Jason Priestley",1969
nm0000596,"Jonathan Pryce",1947
nm0000597,"Bill Pullman",1953
nm0000598,"Dennis Quaid",1954
nm0000600,"Sam Raimi",1959
nm0000601,"Harold Ramis",1944
nm0000602,"Robert Redford",1936
nm0000603,"Vanessa Redgrave",1937
nm0000604,"John C. Reilly",1965
nm0000605,"Brad Renfro",1982
nm0000606,"Jean Reno",1948
nm0000608,"Burt Reynolds",1936
nm0000609,"Ving Rhames",1959
nm0000610,"Giovanni Ribisi",1974
nm0000612,"Denise Richards",1971
nm0000613,"Joely Richardson",1965
nm0000614,"Alan Rickman",1946
nm0000615,"John Ritter",1948
nm0000616,"Eric Roberts",1956
nm0000618,"Isabella Rossellini",1952
nm0000619,"Tim Roth",1961
nm0000620,"Mickey Rourke",1952
nm0000621,"Kurt Russell",1951
nm0000622,"Theresa Russell",1957
nm0000624,"Laura San Giacomo",1962
nm0000625,"Fred Savage",1976
nm0000626,"John Sayles",1950
nm0000627,"Greta Scacchi",1960
nm0000629,"Claudia Schiffer",1970
nm0000630,"Liev Schreiber",1967
nm0000631,"Ridley Scott",1937
nm0000636,"William Shakespeare",1564
nm0000637,"Tupac Shakur",1971
nm0000638,"William Shatner",1931
nm0000640,"Martin Sheen",1940
nm0000641,"Gary Sinise",1955
nm0000643,"Tom Skerritt",1933
nm0000647,"Alan Smithee",NULL
nm0000648,"Wesley Snipes",1962
nm0000649,"Paul Sorvino",1939
nm0000650,"Talisa Soto",1967
nm0000651,"Sissy Spacek",1949
nm0000652,"James Spader",1960
nm0000655,"Eric Stoltz",1961
nm0000656,"Madeleine Stowe",1958
nm0000657,"David Strathairn",1949
nm0000658,"Meryl Streep",1949
nm0000661,"Donald Sutherland",1935
nm0000662,"Kiefer Sutherland",1966
nm0000663,"Dominique Swain",1980
nm0000664,"Patrick Swayze",1952
nm0000665,"D.B. Sweeney",1961
nm0000666,"Lili Taylor",1967
nm0000667,"David Thewlis",1963
nm0000668,"Emma Thompson",1959
nm0000670,"Lea Thompson",1961
nm0000671,"Billy Bob Thornton",1955
nm0000673,"Marisa Tomei",1964
nm0000677,"Robin Tunney",1972
nm0000679,"Deborah Kara Unger",1966
nm0000681,"Vince Vaughn",1970
nm0000682,"Paul Verhoeven",1938
nm0000683,"Gore Vidal",1925
nm0000685,"Jon Voight",1938
nm0000686,"Christopher Walken",1943
nm0000688,"Sela Ward",1956
nm0000690,"Lesley Ann Warren",1946
nm0000691,"John Waters",1946
nm0000693,"Peter Weller",1947
nm0000694,"Wim Wenders",1945
nm0000696,"Wil Wheaton",1972
nm0000701,"Kate Winslet",1975
nm0000702,"Reese Witherspoon",1976
nm0000704,"Elijah Wood",1981
nm0000705,"Robin Wright",1966
nm0000706,"Michelle Yeoh",1962
nm0000708,"Billy Zane",1966
nm0000709,"Robert Zemeckis",1952
nm0000711,"Rick Baker",1950
nm0000719,"F. Murray Abraham",1939
nm0000720,"Jim Abrahams",1944
nm0000721,"Victoria Abril",1959
nm0000724,"Brooke Adams",1949
nm0000725,"Joey Lauren Adams",1968
nm0000728,"Mario Adorf",1930
nm0000729,"Casey Affleck",1975
nm0000732,"Danny Aiello",1933
nm0000733,"Anouk AimÃƒÂ©e",1932
nm0000735,"Brian Aldiss",1925
nm0000739,"Debbie Allen",1950
nm0000741,"Tim Allen",1953
nm0000744,"Maria Conchita Alonso",1957
nm0000745,"Carol Alt",1960
nm0000749,"MÃƒÂ¤dchen Amick",1970
nm0000754,"Kevin Anderson",1960
nm0000759,"Paul Thomas Anderson",1970
nm0000766,"Theodoros Angelopoulos",1935
nm0000767,"Jean-Hugues Anglade",1955
nm0000770,"David Anspaugh",1946
nm0000771,"Lysette Anthony",1963
nm0000775,"Christina Applegate",1971
nm0000776,"Michael Apted",1941
nm0000777,"Gregg Araki",1959
nm0000778,"Alfonso Arau",1932
nm0000782,"Asia Argento",1975
nm0000783,"Dario Argento",1940
nm0000786,"George Armitage",NULL
nm0000788,"Gillian Armstrong",1950
nm0000793,"Alexis Arquette",1969
nm0000796,"Dana Ashbrook",1967
nm0000798,"Linden Ashby",1960
nm0000799,"Edward Asner",1929
nm0000800,"Armand Assante",1949
nm0000801,"Olivier Assayas",1955
nm0000803,"Christopher Atkins",1961
nm0000806,"Bille August",1948
nm0000807,"Jane Austen",1775
nm0000808,"Paul Auster",1947
nm0000809,"Daniel Auteuil",1950
nm0000812,"Roger Avary",1965
nm0000814,"John G. Avildsen",1935
nm0000815,"Mili Avital",1972
nm0000818,"Shabana Azmi",1950
nm0000821,"Amitabh Bachchan",1942
nm0000823,"Angelo Badalamenti",1937
nm0000827,"Maxine Bahns",1971
nm0000828,"Barbara Bain",1931
nm0000837,"Bob Balaban",1945
nm0000838,"Daniel Baldwin",1960
nm0000841,"Michael Ballhaus",1935
nm0000843,"Anne Bancroft",1931
nm0000849,"Javier Bardem",1969
nm0000852,"Jean-Marc Barr",1960
nm0000853,"Bruno Barreto",1955
nm0000855,"Raymond J. Barry",1939
nm0000867,"Jason Bateman",1969
nm0000870,"Kathy Bates",1948
nm0000871,"Randall Batinkoff",1968
nm0000872,"Patrick Bauchau",1938
nm0000874,"Steven Bauer",1956
nm0000877,"Lamberto Bava",1944
nm0000880,"Meredith Baxter",1947
nm0000881,"Michael Bay",1965
nm0000882,"Nathalie Baye",1948
nm0000883,"Stephanie Beacham",1947
nm0000884,"Jennifer Beals",1963
nm0000885,"Ned Beatty",1937
nm0000886,"Warren Beatty",1937
nm0000889,"Bonnie Bedelia",1948
nm0000893,"Ed Begley Jr.",1949
nm0000894,"Jean-Jacques Beineix",1946
nm0000896,"Harry Belafonte",1927
nm0000899,"Monica Bellucci",1964
nm0000900,"Pamela Bellwood",1951
nm0000902,"Jim Belushi",1954
nm0000905,"Roberto Benigni",1952
nm0000906,"Annette Bening",1958
nm0000911,"Nigel Bennett",1949
nm0000914,"Robert Benton",1932
nm0000915,"Bruce Beresford",1940
nm0000916,"Peter Berg",1964
nm0000920,"Patrick Bergin",1951
nm0000921,"Andrew Bergman",1945
nm0000924,"Elizabeth Berkley",1972
nm0000925,"Steven Berkoff",1937
nm0000928,"Sandra Bernhard",1955
nm0000929,"Corbin Bernsen",1954
nm0000930,"Elmer Bernstein",1922
nm0000932,"Halle Berry",1966
nm0000934,"Bernardo Bertolucci",1941
nm0000940,"Bigas Luna",1946
nm0000941,"Kathryn Bigelow",1951
nm0000947,"Karen Black",1939
nm0000949,"Cate Blanchett",1969
nm0000950,"Brenda Blethyn",1946
nm0000953,"Peter Bogdanovich",1939
nm0000954,"Jon Bon Jovi",1962
nm0000957,"Jan de Bont",1943
nm0000958,"John Boorman",1933
nm0000959,"Powers Boothe",1948
nm0000961,"Timothy Bottoms",1951
nm0000962,"Carole Bouquet",1957
nm0000965,"Danny Boyle",1956
nm0000966,"Lorraine Bracco",1954
nm0000967,"Eric Braeden",1941
nm0000968,"Sonia Braga",1950
nm0000969,"Lillo Brancato",1976
nm0000970,"Jonathan Brandis",1976
nm0000971,"Nicoletta Braschi",1960
nm0000973,"Benjamin Bratt",1963
nm0000977,"Beau Bridges",1941
nm0000979,"Wilford Brimley",1934
nm0000980,"Jim Broadbent",1949
nm0000981,"James Brolin",1940
nm0000982,"Josh Brolin",1968
nm0000983,"Albert Brooks",1947
nm0000984,"Avery Brooks",1948
nm0000985,"James L. Brooks",1940
nm0000987,"Jim Brown",1936
nm0000988,"Jerry Bruckheimer",1943
nm0000993,"Carol Burnett",1933
nm0000995,"Ellen Burstyn",1932
nm0000997,"Gary Busey",1944
nm0000998,"Jake Busey",1971
nm0001001,"James Caan",1940
nm0001002,"Dean Cain",1966
nm0001014,"Mariah Carey",1970
nm0001015,"Robert Carlyle",1961
nm0001016,"David Carradine",1936
nm0001018,"Keith Carradine",1949
nm0001020,"Katrin Cartlidge",1961
nm0001021,"Veronica Cartwright",1949
nm0001024,"Nick Cassavetes",1959
nm0001025,"Seymour Cassel",1935
nm0001026,"Joanna Cassidy",1945
nm0001028,"Maxwell Caulfield",1959
nm0001029,"Jim Caviezel",1968
nm0001032,"Marilyn Chambers",1952
nm0001035,"Ben Chaplin",1970
nm0001036,"Geraldine Chaplin",1944
nm0001038,"Josh Charles",1971
nm0001039,"David Charvet",1972
nm0001040,"Joan Chen",1961
nm0001045,"Tommy Chong",1938
nm0001046,"Julie Christie",1940
nm0001051,"Bill Clinton",1946
nm0001053,"Ethan Coen",1957
nm0001054,"Joel Coen",1954
nm0001057,"Toni Collette",1972
nm0001059,"Robbie Coltrane",1950
nm0001060,"Chris Columbus",1958
nm0001062,"Jeffrey Combs",1954
nm0001063,"Jeff Conaway",1950
nm0001064,"Jason Connery",1963
nm0001065,"Harry Connick Jr.",1967
nm0001066,"Robert Conrad",1935
nm0001068,"Sofia Coppola",1971
nm0001073,"Courteney Cox",1964
nm0001074,"Ronny Cox",1938
nm0001075,"Peter Coyote",1941
nm0001080,"Lindsay Crouse",1948
nm0001081,"Cameron Crowe",1957
nm0001082,"Billy Crudup",1968
nm0001084,"Ice Cube",1969
nm0001085,"Kieran Culkin",1982
nm0001086,"Alan Cumming",1965
nm0001087,"Lee Curreri",1961
nm0001089,"Henry Czerny",1959
nm0001092,"Mark Dacascos",1964
nm0001093,"John Dahl",NULL
nm0001094,"Roald Dahl",1916
nm0001095,"BÃƒÂ©atrice Dalle",1964
nm0001096,"Timothy Dalton",1946
nm0001097,"Charles Dance",1946
nm0001098,"Rodney Dangerfield",1921
nm0001099,"Jeff Daniels",1955
nm0001100,"Blythe Danner",1943
nm0001102,"Joe Dante",1946
nm0001103,"Tony Danza",1951
nm0001107,"Stacey Dash",1967
nm0001108,"Robert Davi",1951
nm0001111,"Jeremy Davies",1969
nm0001112,"Andrew Davis",1946
nm0001114,"Judy Davis",1955
nm0001115,"Ossie Davis",1917
nm0001116,"Warwick Davis",1970
nm0001117,"Bruce Davison",1946
nm0001123,"Dom DeLuise",1933
nm0001125,"Benicio Del Toro",1967
nm0001127,"Dana Delany",1956
nm0001129,"Jonathan Demme",1944
nm0001130,"Ted Demme",1963
nm0001131,"Patrick Dempsey",1966
nm0001132,"Judi Dench",1934
nm0001136,"Bruce Dern",1936
nm0001137,"William Devane",1939
nm0001139,"Tom DiCillo",1953
nm0001140,"Philip K. Dick",1928
nm0001149,"Richard Donner",1930
nm0001150,"James Doohan",1920
nm0001151,"Stephen Dorff",1973
nm0001152,"Illeana Douglas",1965
nm0001153,"Lesley-Anne Down",1954
nm0001154,"Michael Dudikoff",1954
nm0001156,"Olympia Dukakis",1931
nm0001159,"Faye Dunaway",1941
nm0001162,"Griffin Dunne",1955
nm0001163,"Roy Dupuis",1963
nm0001164,"Charles Durning",1923
nm0001165,"Charles S. Dutton",1951
nm0001166,"James Duval",1972
nm0001172,"Christopher Eccleston",1964
nm0001173,"Aaron Eckhart",1968
nm0001175,"Blake Edwards",1922
nm0001176,"Nicole Eggert",1972
nm0001182,"Carmen Electra",1972
nm0001185,"Hector Elizondo",1936
nm0001187,"Noah Emmerich",1965
nm0001189,"Gabriel Yared",1949
nm0001190,"David Prowse",1935
nm0001191,"Adam Sandler",1966
nm0001194,"Jeff Fahey",1952
nm0001199,"Dennis Farina",1944
nm0001200,"Gary Farmer",1953
nm0001201,"Mia Farrow",1945
nm0001202,"Rainer Werner Fassbinder",1945
nm0001206,"Abel Ferrara",1951
nm0001208,"Miguel Ferrer",1955
nm0001212,"Joseph Fiennes",1970
nm0001213,"Harvey Fierstein",1954
nm0001214,"Mike Figgis",1948
nm0001215,"Albert Finney",1936
nm0001216,"Tara Fitzgerald",1967
nm0001217,"Fionnula Flanagan",1941
nm0001218,"Sean Patrick Flanery",1965
nm0001219,"Gary Fleder",1965
nm0001220,"Ian Fleming",1908
nm0001221,"Louise Fletcher",1934
nm0001226,"James Foley",1953
nm0001228,"Peter Fonda",1940
nm0001231,"Claire Forlani",1971
nm0001233,"Robert Forster",1941
nm0001235,"William Forsythe",1955
nm0001238,"JesÃƒÂºs Franco",1930
nm0001240,"Dennis Franz",1944
nm0001241,"Stephen Frears",1941
nm0001243,"William Friedkin",1935
nm0001245,"Mira Furlan",1955
nm0001246,"Dan Futterman",1967
nm0001250,"Charlotte Gainsbourg",1971
nm0001252,"Vincent Gallo",1961
nm0001253,"Mason Gamble",1986
nm0001254,"James Gandolfini",1961
nm0001255,"Victor Garber",1949
nm0001256,"Greta Garbo",1905
nm0001258,"James Garner",1928
nm0001262,"Ben Gazzara",1930
nm0001264,"Sarah Michelle Gellar",1977
nm0001267,"Balthazar Getty",1975
nm0001272,"Annabeth Gish",1971
nm0001274,"Paul Michael Glaser",1943
nm0001275,"Philip Glass",1937
nm0001277,"Scott Glenn",1941
nm0001278,"John Glover",1944
nm0001279,"William Goldman",1931
nm0001281,"Bobcat Goldthwait",1962
nm0001282,"Tony Goldwyn",1960
nm0001283,"Louis Gossett Jr.",1936
nm0001285,"Elliott Gould",1938
nm0001287,"Heather Graham",1970
nm0001288,"Kelsey Grammer",1955
nm0001290,"Richard E. Grant",1957
nm0001292,"Erin Gray",1950
nm0001293,"Seth Green",1974
nm0001294,"Graham Greene",1904
nm0001295,"Graham Greene",1952
nm0001298,"Richard Grieco",1965
nm0001299,"Thomas Ian Griffith",1962
nm0001300,"John Grisham",1955
nm0001301,"Charles Grodin",1935
nm0001302,"Christopher Guest",1948
nm0001303,"Carla Gugino",1971
nm0001305,"Lukas Haas",1976
nm0001311,"Philip Baker Hall",1931
nm0001315,"Marcia Gay Harden",1959
nm0001317,"Renny Harlin",1959
nm0001319,"Mark Harmon",1951
nm0001321,"Richard Harris",1930
nm0001323,"Debbie Harry",1945
nm0001324,"Ian Hart",1964
nm0001325,"Hal Hartley",1959
nm0001326,"Josh Hartnett",1978
nm0001331,"Todd Haynes",1961
nm0001332,"Robert Hays",1947
nm0001334,"John Heard",1946
nm0001335,"Tippi Hedren",1930
nm0001337,"Katherine Heigl",1978
nm0001338,"Brian Helgeland",1961
nm0001344,"Gregg Henry",1952
nm0001348,"Werner Herzog",1942
nm0001349,"Jennifer Love Hewitt",1979
nm0001353,"Walter Hill",1942
nm0001354,"CiarÃƒÂ¡n Hinds",1953
nm0001356,"Hulk Hogan",1953
nm0001361,"Tobe Hooper",1943
nm0001364,"Bob Hoskins",1942
nm0001365,"Whitney Houston",1963
nm0001367,"C. Thomas Howell",1966
nm0001372,"Bonnie Hunt",1961
nm0001376,"Isabelle Huppert",1953
nm0001377,"Olivia Hussey",1951
nm0001378,"Anjelica Huston",1951
nm0001382,"Peter Hyams",1943
nm0001383,"David Hyde Pierce",1959
nm0001384,Ice-T,1958
nm0001393,"IrÃƒÂ¨ne Jacob",1966
nm0001394,"Derek Jacobi",1938
nm0001398,"Jenna Jameson",1974
nm0001399,"Marianne Jean-Baptiste",1967
nm0001400,"Michelle Johnson",1965
nm0001401,"Angelina Jolie",1975
nm0001403,"Neil Jordan",1950
nm0001408,"Shekhar Kapur",1945
nm0001409,"TchÃƒÂ©ky Karyo",1953
nm0001410,"Lawrence Kasdan",1949
nm0001411,"William Katt",1951
nm0001413,"Julie Kavner",1950
nm0001416,"Catherine Keener",1959
nm0001418,"David Keith",1954
nm0001421,"George Kennedy",1925
nm0001424,"Udo Kier",1944
nm0001426,"Ben Kingsley",1943
nm0001427,"Greg Kinnear",1963
nm0001429,"Takeshi Kitano",1947
nm0001434,"Kris Kristofferson",1936
nm0001435,"Lisa Kudrow",1963
nm0001437,"Emir Kusturica",1954
nm0001438,"Neil LaBute",1963
nm0001439,"Anthony LaPaglia",1959
nm0001441,"Christine Lahti",1950
nm0001444,"Lorenzo Lamas",1958
nm0001445,"Martin Landau",1928
nm0001447,"Nathan Lane",1956
nm0001448,"Jessica Lange",1949
nm0001451,"Queen Latifah",1970
nm0001454,"Martin Lawrence",1965
nm0001458,"Cloris Leachman",1926
nm0001459,"Denis Leary",1957
nm0001461,"Virginie Ledoyen",1976
nm0001462,"Jason Scott Lee",1966
nm0001465,"Elmore Leonard",1925
nm0001467,"Jared Leto",1971
nm0001469,"Barry Levinson",1942
nm0001472,"Jet Li",1963
nm0001473,"Laura Linney",1964
nm0001475,"John Lithgow",1945
nm0001484,"Jon Lovitz",1957
nm0001487,"John Lynch",1961
nm0001488,"Kelly Lynch",1959
nm0001491,"Melanie Lynskey",1977
nm0001492,"Kyle MacLachlan",1959
nm0001494,"Ralph Macchio",1961
nm0001495,"Patrick Macnee",1922
nm0001496,"Amy Madigan",1950
nm0001497,"Tobey Maguire",1975
nm0001498,"John Mahoney",1940
nm0001502,"Luis Mandoki",NULL
nm0001505,"Joe Mantegna",1947
nm0001506,"Jane March",1973
nm0001507,"Cheech Marin",1946
nm0001508,"Penny Marshall",1943
nm0001512,"Mary Elizabeth Mastrantonio",1958
nm0001515,"Joseph Mazzello",1983
nm0001517,"Catherine McCormack",1972
nm0001518,"Dylan McDermott",1961
nm0001520,"Christopher McDonald",1955
nm0001521,"Mary McDonnell",1952
nm0001523,"Natascha McElhone",1969
nm0001524,"Paul McGann",1959
nm0001525,"John C. McGinley",1959
nm0001528,"Don McKellar",1963
nm0001532,"John McTiernan",1951
nm0001533,"Meat Loaf",1947
nm0001540,"Rachel Miner",1980
nm0001541,"Kylie Minogue",1968
nm0001542,"Jay Mohr",1970
nm0001549,"Rita Moreno",1931
nm0001552,"Pat Morita",1932
nm0001553,"Ennio Morricone",1928
nm0001555,"Rob Morrow",1962
nm0001556,"David Morse",1953
nm0001557,"Viggo Mortensen",1958
nm0001558,"Mr. T",1952
nm0001560,"Ornella Muti",1955
nm0001562,"Kathy Najimy",1957
nm0001565,"Mike Newell",1942
nm0001567,"Connie Nielsen",1965
nm0001568,"Lisa Niemi",1956
nm0001569,"Chuck Norris",1940
nm0001570,"Edward Norton",1969
nm0001571,"Kim Novak",1933
nm0001572,"Danny Nucci",1968
nm0001573,"Catherine OHara",1954
nm0001574,"Michael OKeefe",1955
nm0001575,"Tatum ONeal",1963
nm0001579,"Edward James Olmos",1947
nm0001584,"Miranda Otto",1967
nm0001586,"Joanna Pacula",1957
nm0001590,"Chazz Palminteri",1952
nm0001592,"Joe Pantoliano",1951
nm0001593,"Anna Paquin",1982
nm0001594,"Anne Parillaud",1960
nm0001595,"Michael ParÃƒÂ©",1958
nm0001597,"Mandy Patinkin",1952
nm0001598,"Robert Patrick",1958
nm0001600,"Adrian Paul",1959
nm0001601,"David Paymer",1954
nm0001602,"Guy Pearce",1967
nm0001604,"Nia Peeples",1961
nm0001605,"Amanda Peet",1972
nm0001608,"Barry Pepper",1970
nm0001609,"Rosie Perez",1964
nm0001610,"Elizabeth Perkins",1960
nm0001611,"Max Perlich",1968
nm0001612,"Matthew Perry",1969
nm0001613,"Bernadette Peters",1948
nm0001614,"Lori Petty",1963
nm0001615,"Elizabeth PeÃƒÂ±a",1959
nm0001616,"Mekhi Phifer",1974
nm0001617,"Lou Diamond Phillips",1962
nm0001618,"Joaquin Phoenix",1974
nm0001619,"Summer Phoenix",1978
nm0001621,"Bronson Pinchot",1959
nm0001624,"Oliver Platt",1960
nm0001626,"Christopher Plummer",1929
nm0001628,"Sydney Pollack",1934
nm0001629,"Kevin Pollak",1957
nm0001631,"Sarah Polley",1979
nm0001632,"Teri Polo",1969
nm0001633,"Annie Potts",1952
nm0001638,"JÃƒÂ¼rgen Prochnow",1941
nm0001639,"Alex Proyas",1963
nm0001641,"Vincent Perez",1964
nm0001642,"Randy Quaid",1950
nm0001643,"Linnea Quigley",1958
nm0001644,"Aidan Quinn",1959
nm0001645,"Serge Ladouceur",1952
nm0001646,"Ted Raimi",1965
nm0001648,"Charlotte Rampling",1946
nm0001652,"John Ratzenberger",1947
nm0001653,"Stephen Rea",1946
nm0001654,"Ronald Reagan",1911
nm0001655,"Lynn Redgrave",1943
nm0001662,"Judge Reinhold",1957
nm0001663,"Paul Reiser",1957
nm0001664,"James Remar",1953
nm0001667,"Jonathan Rhys Meyers",1977
nm0001669,"Miranda Richardson",1958
nm0001670,"Natasha Richardson",1963
nm0001671,"Diana Rigg",1938
nm0001672,"Joan Rivers",1933
nm0001674,"Chris Rock",1965
nm0001675,"Robert Rodriguez",1968
nm0001679,"Mark Rolston",1956
nm0001680,"Robert Romanus",1956
nm0001681,"George A. Romero",1940
nm0001682,"Mickey Rooney",1920
nm0001683,"Roseanne Barr",1952
nm0001685,"Rick Rossovich",1957
nm0001686,"Cynthia Rothrock",1957
nm0001687,"Gena Rowlands",1930
nm0001689,"Mercedes Ruehl",1948
nm0001691,"Geoffrey Rush",1951
nm0001692,"Ken Russell",1927
nm0001696,"Julian Sands",1958
nm0001697,"Chris Sarandon",1942
nm0001698,"John Savage",1949
nm0001701,"Devon Sawa",1978
nm0001702,"Roy Scheider",1932
nm0001704,"Vincent Schiavelli",1948
nm0001705,"Rob Schneider",1963
nm0001708,"Joel Schumacher",1939
nm0001709,"Til Schweiger",1963
nm0001710,"David Schwimmer",1966
nm0001711,"Annabella Sciorra",1960
nm0001712,"Tracy Scoggins",1953
nm0001713,"Izabella Scorupco",1970
nm0001714,"Campbell Scott",1961
nm0001716,"Tony Scott",1944
nm0001718,"Kyra Sedgwick",1965
nm0001719,"George Segal",1934
nm0001721,"ChloÃƒÂ« Sevigny",1974
nm0001722,"Rufus Sewell",1967
nm0001723,"Tom Shadyac",1958
nm0001725,"Omar Sharif",1932
nm0001726,"Helen Shaver",1951
nm0001728,"Wallace Shawn",1943
nm0001729,"Craig Sheffer",1960
nm0001731,"Sam Shepard",1943
nm0001733,"Nicollette Sheridan",1963
nm0001734,"Armin Shimerman",1949
nm0001736,"Pauly Shore",1968
nm0001737,"Martin Short",1950
nm0001738,"Jonathan Silverman",1966
nm0001741,"Bryan Singer",1965
nm0001743,"Marc Singer",1948
nm0001744,"Tom Sizemore",1961
nm0001745,"Stellan SkarsgÃƒÂ¥rd",1951
nm0001748,"Kurtwood Smith",1943
nm0001749,"Maggie Smith",1934
nm0001752,"Steven Soderbergh",1963
nm0001756,"Barry Sonnenfeld",1953
nm0001758,"Timothy Spall",1957
nm0001759,"Vincent Spano",1962
nm0001763,"Nick Stahl",1979
nm0001768,"Rod Steiger",1925
nm0001770,"Fisher Stevens",1963
nm0001772,"Patrick Stewart",1940
nm0001773,"David Ogden Stiers",1942
nm0001774,"Ben Stiller",1965
nm0001779,"Tom Stoppard",1937
nm0001780,"Peter Stormare",1953
nm0001781,"Julie Strain",1962
nm0001785,"Kristy Swanson",1969
nm0001792,"Rod Taylor",1930
nm0001794,"Henry Thomas",1971
nm0001799,"John Toll",1952
nm0001800,"Rip Torn",1931
nm0001803,"Danny Trejo",1944
nm0001804,"Stanley Tucci",1960
nm0001806,"John Turturro",1957
nm0001807,"Cicely Tyson",1924
nm0001810,"Robert Urich",1946
nm0001813,"Dick Van Dyke",1925
nm0001814,"Gus Van Sant",1952
nm0001816,"Robert Vaughn",1932
